source_sha,character_id,action_id,variant_id,sample_phase,tick_index,state_frame,hitbox_id,hitbox_active,center_x,center_y,radius,hitlag_remaining,contact_marker
9cf312b0d76a11d9b79e6b4100f848d1878ed0b9,kestrel,jab,ground,pre_step,0,8,,0,,,,0,0
9cf312b0d76a11d9b79e6b4100f848d1878ed0b9,kestrel,jab,ground,after_step,0,1,clean,1,13.000,21.000,7.500,0,0
9cf312b0d76a11d9b79e6b4100f848d1878ed0b9,kestrel,jab,ground,after_step,1,2,clean,1,13.000,21.000,7.500,0,0
9cf312b0d76a11d9b79e6b4100f848d1878ed0b9,kestrel,jab,ground,after_step,2,3,,0,,,,0,0
9cf312b0d76a11d9b79e6b4100f848d1878ed0b9,kestrel,jab,ground,after_step,3,4,,0,,,,0,0
9cf312b0d76a11d9b79e6b4100f848d1878ed0b9,kestrel,jab,ground,after_step,4,5,,0,,,,0,0
9cf312b0d76a11d9b79e6b4100f848d1878ed0b9,kestrel,jab,ground,after_step,5,6,,0,,,,0,0
9cf312b0d76a11d9b79e6b4100f848d1878ed0b9,kestrel,jab,ground,after_step,6,7,,0,,,,0,0
9cf312b0d76a11d9b79e6b4100f848d1878ed0b9,kestrel,jab,ground,after_step,7,8,,0,,,,0,0
9cf312b0d76a11d9b79e6b4100f848d1878ed0b9,kestrel,jab,ground,after_step,8,9,,0,,,,0,0
9cf312b0d76a11d9b79e6b4100f848d1878ed0b9,kestrel,jab,ground,after_step,9,10,,0,,,,0,0
9cf312b0d76a11d9b79e6b4100f848d1878ed0b9,kestrel,jab,ground,after_step,10,11,,0,,,,0,0
9cf312b0d76a11d9b79e6b4100f848d1878ed0b9,kestrel,jab,ground,after_step,11,12,,0,,,,0,0
9cf312b0d76a11d9b79e6b4100f848d1878ed0b9,kestrel,jab,ground,after_step,12,13,,0,,,,0,0
9cf312b0d76a11d9b79e6b4100f848d1878ed0b9,kestrel,jab,ground,after_step,13,14,,0,,,,0,0
9cf312b0d76a11d9b79e6b4100f848d1878ed0b9,kestrel,jab,ground,after_step,14,15,,0,,,,0,0
9cf312b0d76a11d9b79e6b4100f848d1878ed0b9,kestrel,jab,ground,after_step,15,16,,0,,,,0,0
9cf312b0d76a11d9b79e6b4100f848d1878ed0b9,kestrel,jab,ground,after_step,16,17,,0,,,,0,0
9cf312b0d76a11d9b79e6b4100f848d1878ed0b9,kestrel,jab,ground,after_step,17,1,,0,,,,0,0
9cf312b0d76a11d9b79e6b4100f848d1878ed0b9,kestrel,jab2,after_jab1_hit,after_step,5,2,,0,,,,0,0
9cf312b0d76a11d9b79e6b4100f848d1878ed0b9,kestrel,jab2,after_jab1_hit,after_step,6,0,,0,,,,0,0
9cf312b0d76a11d9b79e6b4100f848d1878ed0b9,kestrel,jab2,after_jab1_hit,after_step,7,1,,0,,,,0,0
9cf312b0d76a11d9b79e6b4100f848d1878ed0b9,kestrel,jab2,after_jab1_hit,after_step,8,2,clean,1,14.000,22.000,7.500,4,1
9cf312b0d76a11d9b79e6b4100f848d1878ed0b9,kestrel,jab2,after_jab1_hit,after_step,9,2,clean,1,14.000,22.000,7.500,3,0
9cf312b0d76a11d9b79e6b4100f848d1878ed0b9,kestrel,jab2,after_jab1_hit,after_step,10,2,clean,1,14.000,22.000,7.500,2,0
9cf312b0d76a11d9b79e6b4100f848d1878ed0b9,kestrel,jab2,after_jab1_hit,after_step,11,2,clean,1,14.000,22.000,7.500,1,0
9cf312b0d76a11d9b79e6b4100f848d1878ed0b9,kestrel,jab2,after_jab1_hit,after_step,12,2,clean,1,14.000,22.000,7.500,0,0
9cf312b0d76a11d9b79e6b4100f848d1878ed0b9,kestrel,jab2,after_jab1_hit,after_step,13,3,clean,1,14.000,22.000,7.500,0,0
9cf312b0d76a11d9b79e6b4100f848d1878ed0b9,kestrel,jab2,after_jab1_hit,after_step,14,4,,0,,,,0,0
9cf312b0d76a11d9b79e6b4100f848d1878ed0b9,kestrel,jab2,after_jab1_hit,after_step,15,5,,0,,,,0,0
9cf312b0d76a11d9b79e6b4100f848d1878ed0b9,kestrel,jab2,after_jab1_hit,after_step,16,6,,0,,,,0,0
9cf312b0d76a11d9b79e6b4100f848d1878ed0b9,kestrel,jab2,after_jab1_hit,after_step,17,7,,0,,,,0,0
9cf312b0d76a11d9b79e6b4100f848d1878ed0b9,kestrel,jab2,after_jab1_hit,after_step,18,8,,0,,,,0,0
9cf312b0d76a11d9b79e6b4100f848d1878ed0b9,kestrel,jab2,after_jab1_hit,after_step,19,9,,0,,,,0,0
9cf312b0d76a11d9b79e6b4100f848d1878ed0b9,kestrel,jab2,after_jab1_hit,after_step,20,10,,0,,,,0,0
9cf312b0d76a11d9b79e6b4100f848d1878ed0b9,kestrel,jab2,after_jab1_hit,after_step,21,11,,0,,,,0,0
9cf312b0d76a11d9b79e6b4100f848d1878ed0b9,kestrel,jab2,after_jab1_hit,after_step,22,12,,0,,,,0,0
9cf312b0d76a11d9b79e6b4100f848d1878ed0b9,kestrel,jab2,after_jab1_hit,after_step,23,13,,0,,,,0,0
9cf312b0d76a11d9b79e6b4100f848d1878ed0b9,kestrel,jab2,after_jab1_hit,after_step,24,14,,0,,,,0,0
9cf312b0d76a11d9b79e6b4100f848d1878ed0b9,kestrel,jab2,after_jab1_hit,after_step,25,15,,0,,,,0,0
9cf312b0d76a11d9b79e6b4100f848d1878ed0b9,kestrel,jab2,after_jab1_hit,after_step,26,16,,0,,,,0,0
9cf312b0d76a11d9b79e6b4100f848d1878ed0b9,kestrel,jab2,after_jab1_hit,after_step,27,17,,0,,,,0,0
9cf312b0d76a11d9b79e6b4100f848d1878ed0b9,kestrel,jab2,after_jab1_hit,after_step,28,18,,0,,,,0,0
9cf312b0d76a11d9b79e6b4100f848d1878ed0b9,kestrel,jab2,after_jab1_hit,after_step,29,19,,0,,,,0,0
9cf312b0d76a11d9b79e6b4100f848d1878ed0b9,kestrel,jab2,after_jab1_hit,after_step,30,20,,0,,,,0,0
9cf312b0d76a11d9b79e6b4100f848d1878ed0b9,kestrel,jab2,after_jab1_hit,after_step,31,21,,0,,,,0,0
9cf312b0d76a11d9b79e6b4100f848d1878ed0b9,kestrel,jab2,after_jab1_hit,after_step,32,22,,0,,,,0,0
9cf312b0d76a11d9b79e6b4100f848d1878ed0b9,kestrel,jab2,after_jab1_hit,after_step,33,1,,0,,,,0,0
9cf312b0d76a11d9b79e6b4100f848d1878ed0b9,kestrel,ftilt,ground,pre_step,0,8,,0,,,,0,0
9cf312b0d76a11d9b79e6b4100f848d1878ed0b9,kestrel,ftilt,ground,after_step,0,1,,0,,,,0,0
9cf312b0d76a11d9b79e6b4100f848d1878ed0b9,kestrel,ftilt,ground,after_step,1,2,,0,,,,0,0
9cf312b0d76a11d9b79e6b4100f848d1878ed0b9,kestrel,ftilt,ground,after_step,2,3,,0,,,,0,0
9cf312b0d76a11d9b79e6b4100f848d1878ed0b9,kestrel,ftilt,ground,after_step,3,4,clean,1,18.000,19.000,8.500,0,0
9cf312b0d76a11d9b79e6b4100f848d1878ed0b9,kestrel,ftilt,ground,after_step,4,5,clean,1,18.000,19.000,8.500,0,0
9cf312b0d76a11d9b79e6b4100f848d1878ed0b9,kestrel,ftilt,ground,after_step,5,6,clean,1,18.000,19.000,8.500,0,0
9cf312b0d76a11d9b79e6b4100f848d1878ed0b9,kestrel,ftilt,ground,after_step,6,7,,0,,,,0,0
9cf312b0d76a11d9b79e6b4100f848d1878ed0b9,kestrel,ftilt,ground,after_step,7,8,,0,,,,0,0
9cf312b0d76a11d9b79e6b4100f848d1878ed0b9,kestrel,ftilt,ground,after_step,8,9,,0,,,,0,0
9cf312b0d76a11d9b79e6b4100f848d1878ed0b9,kestrel,ftilt,ground,after_step,9,10,,0,,,,0,0
9cf312b0d76a11d9b79e6b4100f848d1878ed0b9,kestrel,ftilt,ground,after_step,10,11,,0,,,,0,0
9cf312b0d76a11d9b79e6b4100f848d1878ed0b9,kestrel,ftilt,ground,after_step,11,12,,0,,,,0,0
9cf312b0d76a11d9b79e6b4100f848d1878ed0b9,kestrel,ftilt,ground,after_step,12,13,,0,,,,0,0
9cf312b0d76a11d9b79e6b4100f848d1878ed0b9,kestrel,ftilt,ground,after_step,13,14,,0,,,,0,0
9cf312b0d76a11d9b79e6b4100f848d1878ed0b9,kestrel,ftilt,ground,after_step,14,15,,0,,,,0,0
9cf312b0d76a11d9b79e6b4100f848d1878ed0b9,kestrel,ftilt,ground,after_step,15,16,,0,,,,0,0
9cf312b0d76a11d9b79e6b4100f848d1878ed0b9,kestrel,ftilt,ground,after_step,16,17,,0,,,,0,0
9cf312b0d76a11d9b79e6b4100f848d1878ed0b9,kestrel,ftilt,ground,after_step,17,18,,0,,,,0,0
9cf312b0d76a11d9b79e6b4100f848d1878ed0b9,kestrel,ftilt,ground,after_step,18,19,,0,,,,0,0
9cf312b0d76a11d9b79e6b4100f848d1878ed0b9,kestrel,ftilt,ground,after_step,19,20,,0,,,,0,0
9cf312b0d76a11d9b79e6b4100f848d1878ed0b9,kestrel,ftilt,ground,after_step,20,21,,0,,,,0,0
9cf312b0d76a11d9b79e6b4100f848d1878ed0b9,kestrel,ftilt,ground,after_step,21,22,,0,,,,0,0
9cf312b0d76a11d9b79e6b4100f848d1878ed0b9,kestrel,ftilt,ground,after_step,22,23,,0,,,,0,0
9cf312b0d76a11d9b79e6b4100f848d1878ed0b9,kestrel,ftilt,ground,after_step,23,24,,0,,,,0,0
9cf312b0d76a11d9b79e6b4100f848d1878ed0b9,kestrel,ftilt,ground,after_step,24,25,,0,,,,0,0
9cf312b0d76a11d9b79e6b4100f848d1878ed0b9,kestrel,ftilt,ground,after_step,25,1,,0,,,,0,0
9cf312b0d76a11d9b79e6b4100f848d1878ed0b9,kestrel,utilt,ground,pre_step,0,8,,0,,,,0,0
9cf312b0d76a11d9b79e6b4100f848d1878ed0b9,kestrel,utilt,ground,after_step,0,1,,0,,,,0,0
9cf312b0d76a11d9b79e6b4100f848d1878ed0b9,kestrel,utilt,ground,after_step,1,2,,0,,,,0,0
9cf312b0d76a11d9b79e6b4100f848d1878ed0b9,kestrel,utilt,ground,after_step,2,3,,0,,,,0,0
9cf312b0d76a11d9b79e6b4100f848d1878ed0b9,kestrel,utilt,ground,after_step,3,4,clean,1,4.000,33.000,9.500,0,0
9cf312b0d76a11d9b79e6b4100f848d1878ed0b9,kestrel,utilt,ground,after_step,4,5,clean,1,4.000,33.000,9.500,0,0
9cf312b0d76a11d9b79e6b4100f848d1878ed0b9,kestrel,utilt,ground,after_step,5,6,clean,1,4.000,33.000,9.500,0,0
9cf312b0d76a11d9b79e6b4100f848d1878ed0b9,kestrel,utilt,ground,after_step,6,7,clean,1,4.000,33.000,9.500,0,0
9cf312b0d76a11d9b79e6b4100f848d1878ed0b9,kestrel,utilt,ground,after_step,7,8,,0,,,,0,0
9cf312b0d76a11d9b79e6b4100f848d1878ed0b9,kestrel,utilt,ground,after_step,8,9,,0,,,,0,0
9cf312b0d76a11d9b79e6b4100f848d1878ed0b9,kestrel,utilt,ground,after_step,9,10,,0,,,,0,0
9cf312b0d76a11d9b79e6b4100f848d1878ed0b9,kestrel,utilt,ground,after_step,10,11,,0,,,,0,0
9cf312b0d76a11d9b79e6b4100f848d1878ed0b9,kestrel,utilt,ground,after_step,11,12,,0,,,,0,0
9cf312b0d76a11d9b79e6b4100f848d1878ed0b9,kestrel,utilt,ground,after_step,12,13,,0,,,,0,0
9cf312b0d76a11d9b79e6b4100f848d1878ed0b9,kestrel,utilt,ground,after_step,13,14,,0,,,,0,0
9cf312b0d76a11d9b79e6b4100f848d1878ed0b9,kestrel,utilt,ground,after_step,14,15,,0,,,,0,0
9cf312b0d76a11d9b79e6b4100f848d1878ed0b9,kestrel,utilt,ground,after_step,15,16,,0,,,,0,0
9cf312b0d76a11d9b79e6b4100f848d1878ed0b9,kestrel,utilt,ground,after_step,16,17,,0,,,,0,0
9cf312b0d76a11d9b79e6b4100f848d1878ed0b9,kestrel,utilt,ground,after_step,17,18,,0,,,,0,0
9cf312b0d76a11d9b79e6b4100f848d1878ed0b9,kestrel,utilt,ground,after_step,18,19,,0,,,,0,0
9cf312b0d76a11d9b79e6b4100f848d1878ed0b9,kestrel,utilt,ground,after_step,19,20,,0,,,,0,0
9cf312b0d76a11d9b79e6b4100f848d1878ed0b9,kestrel,utilt,ground,after_step,20,21,,0,,,,0,0
9cf312b0d76a11d9b79e6b4100f848d1878ed0b9,kestrel,utilt,ground,after_step,21,22,,0,,,,0,0
9cf312b0d76a11d9b79e6b4100f848d1878ed0b9,kestrel,utilt,ground,after_step,22,23,,0,,,,0,0
9cf312b0d76a11d9b79e6b4100f848d1878ed0b9,kestrel,utilt,ground,after_step,23,1,,0,,,,0,0
9cf312b0d76a11d9b79e6b4100f848d1878ed0b9,kestrel,dtilt,ground,pre_step,0,8,,0,,,,0,0
9cf312b0d76a11d9b79e6b4100f848d1878ed0b9,kestrel,dtilt,ground,after_step,0,1,,0,,,,0,0
9cf312b0d76a11d9b79e6b4100f848d1878ed0b9,kestrel,dtilt,ground,after_step,1,2,,0,,,,0,0
9cf312b0d76a11d9b79e6b4100f848d1878ed0b9,kestrel,dtilt,ground,after_step,2,3,,0,,,,0,0
9cf312b0d76a11d9b79e6b4100f848d1878ed0b9,kestrel,dtilt,ground,after_step,3,4,,0,,,,0,0
9cf312b0d76a11d9b79e6b4100f848d1878ed0b9,kestrel,dtilt,ground,after_step,4,5,,0,,,,0,0
9cf312b0d76a11d9b79e6b4100f848d1878ed0b9,kestrel,dtilt,ground,after_step,5,6,clean,1,16.000,11.000,8.000,0,0
9cf312b0d76a11d9b79e6b4100f848d1878ed0b9,kestrel,dtilt,ground,after_step,6,7,clean,1,16.000,11.000,8.000,0,0
9cf312b0d76a11d9b79e6b4100f848d1878ed0b9,kestrel,dtilt,ground,after_step,7,8,clean,1,16.000,11.000,8.000,0,0
9cf312b0d76a11d9b79e6b4100f848d1878ed0b9,kestrel,dtilt,ground,after_step,8,9,,0,,,,0,0
9cf312b0d76a11d9b79e6b4100f848d1878ed0b9,kestrel,dtilt,ground,after_step,9,10,,0,,,,0,0
9cf312b0d76a11d9b79e6b4100f848d1878ed0b9,kestrel,dtilt,ground,after_step,10,11,,0,,,,0,0
9cf312b0d76a11d9b79e6b4100f848d1878ed0b9,kestrel,dtilt,ground,after_step,11,12,,0,,,,0,0
9cf312b0d76a11d9b79e6b4100f848d1878ed0b9,kestrel,dtilt,ground,after_step,12,13,,0,,,,0,0
9cf312b0d76a11d9b79e6b4100f848d1878ed0b9,kestrel,dtilt,ground,after_step,13,14,,0,,,,0,0
9cf312b0d76a11d9b79e6b4100f848d1878ed0b9,kestrel,dtilt,ground,after_step,14,15,,0,,,,0,0
9cf312b0d76a11d9b79e6b4100f848d1878ed0b9,kestrel,dtilt,ground,after_step,15,16,,0,,,,0,0
9cf312b0d76a11d9b79e6b4100f848d1878ed0b9,kestrel,dtilt,ground,after_step,16,17,,0,,,,0,0
9cf312b0d76a11d9b79e6b4100f848d1878ed0b9,kestrel,dtilt,ground,after_step,17,18,,0,,,,0,0
9cf312b0d76a11d9b79e6b4100f848d1878ed0b9,kestrel,dtilt,ground,after_step,18,19,,0,,,,0,0
9cf312b0d76a11d9b79e6b4100f848d1878ed0b9,kestrel,dtilt,ground,after_step,19,20,,0,,,,0,0
9cf312b0d76a11d9b79e6b4100f848d1878ed0b9,kestrel,dtilt,ground,after_step,20,21,,0,,,,0,0
9cf312b0d76a11d9b79e6b4100f848d1878ed0b9,kestrel,dtilt,ground,after_step,21,22,,0,,,,0,0
9cf312b0d76a11d9b79e6b4100f848d1878ed0b9,kestrel,dtilt,ground,after_step,22,23,,0,,,,0,0
9cf312b0d76a11d9b79e6b4100f848d1878ed0b9,kestrel,dtilt,ground,after_step,23,24,,0,,,,0,0
9cf312b0d76a11d9b79e6b4100f848d1878ed0b9,kestrel,dtilt,ground,after_step,24,25,,0,,,,0,0
9cf312b0d76a11d9b79e6b4100f848d1878ed0b9,kestrel,dtilt,ground,after_step,25,26,,0,,,,0,0
9cf312b0d76a11d9b79e6b4100f848d1878ed0b9,kestrel,dtilt,ground,after_step,26,27,,0,,,,0,0
9cf312b0d76a11d9b79e6b4100f848d1878ed0b9,kestrel,dtilt,ground,after_step,27,1,,0,,,,0,0
9cf312b0d76a11d9b79e6b4100f848d1878ed0b9,kestrel,fsmash,cstick,pre_step,0,8,,0,,,,0,0
9cf312b0d76a11d9b79e6b4100f848d1878ed0b9,kestrel,fsmash,cstick,after_step,0,1,,0,,,,0,0
9cf312b0d76a11d9b79e6b4100f848d1878ed0b9,kestrel,fsmash,cstick,after_step,1,2,,0,,,,0,0
9cf312b0d76a11d9b79e6b4100f848d1878ed0b9,kestrel,fsmash,cstick,after_step,2,3,,0,,,,0,0
9cf312b0d76a11d9b79e6b4100f848d1878ed0b9,kestrel,fsmash,cstick,after_step,3,4,,0,,,,0,0
9cf312b0d76a11d9b79e6b4100f848d1878ed0b9,kestrel,fsmash,cstick,after_step,4,5,,0,,,,0,0
9cf312b0d76a11d9b79e6b4100f848d1878ed0b9,kestrel,fsmash,cstick,after_step,5,6,,0,,,,0,0
9cf312b0d76a11d9b79e6b4100f848d1878ed0b9,kestrel,fsmash,cstick,after_step,6,7,,0,,,,0,0
9cf312b0d76a11d9b79e6b4100f848d1878ed0b9,kestrel,fsmash,cstick,after_step,7,8,,0,,,,0,0
9cf312b0d76a11d9b79e6b4100f848d1878ed0b9,kestrel,fsmash,cstick,after_step,8,9,,0,,,,0,0
9cf312b0d76a11d9b79e6b4100f848d1878ed0b9,kestrel,fsmash,cstick,after_step,9,10,,0,,,,0,0
9cf312b0d76a11d9b79e6b4100f848d1878ed0b9,kestrel,fsmash,cstick,after_step,10,11,clean,1,22.000,19.000,10.500,0,0
9cf312b0d76a11d9b79e6b4100f848d1878ed0b9,kestrel,fsmash,cstick,after_step,11,12,clean,1,22.000,19.000,10.500,0,0
9cf312b0d76a11d9b79e6b4100f848d1878ed0b9,kestrel,fsmash,cstick,after_step,12,13,clean,1,22.000,19.000,10.500,0,0
9cf312b0d76a11d9b79e6b4100f848d1878ed0b9,kestrel,fsmash,cstick,after_step,13,14,,0,,,,0,0
9cf312b0d76a11d9b79e6b4100f848d1878ed0b9,kestrel,fsmash,cstick,after_step,14,15,,0,,,,0,0
9cf312b0d76a11d9b79e6b4100f848d1878ed0b9,kestrel,fsmash,cstick,after_step,15,16,,0,,,,0,0
9cf312b0d76a11d9b79e6b4100f848d1878ed0b9,kestrel,fsmash,cstick,after_step,16,17,,0,,,,0,0
9cf312b0d76a11d9b79e6b4100f848d1878ed0b9,kestrel,fsmash,cstick,after_step,17,18,,0,,,,0,0
9cf312b0d76a11d9b79e6b4100f848d1878ed0b9,kestrel,fsmash,cstick,after_step,18,19,,0,,,,0,0
9cf312b0d76a11d9b79e6b4100f848d1878ed0b9,kestrel,fsmash,cstick,after_step,19,20,,0,,,,0,0
9cf312b0d76a11d9b79e6b4100f848d1878ed0b9,kestrel,fsmash,cstick,after_step,20,21,,0,,,,0,0
9cf312b0d76a11d9b79e6b4100f848d1878ed0b9,kestrel,fsmash,cstick,after_step,21,22,,0,,,,0,0
9cf312b0d76a11d9b79e6b4100f848d1878ed0b9,kestrel,fsmash,cstick,after_step,22,23,,0,,,,0,0
9cf312b0d76a11d9b79e6b4100f848d1878ed0b9,kestrel,fsmash,cstick,after_step,23,24,,0,,,,0,0
9cf312b0d76a11d9b79e6b4100f848d1878ed0b9,kestrel,fsmash,cstick,after_step,24,25,,0,,,,0,0
9cf312b0d76a11d9b79e6b4100f848d1878ed0b9,kestrel,fsmash,cstick,after_step,25,26,,0,,,,0,0
9cf312b0d76a11d9b79e6b4100f848d1878ed0b9,kestrel,fsmash,cstick,after_step,26,27,,0,,,,0,0
9cf312b0d76a11d9b79e6b4100f848d1878ed0b9,kestrel,fsmash,cstick,after_step,27,28,,0,,,,0,0
9cf312b0d76a11d9b79e6b4100f848d1878ed0b9,kestrel,fsmash,cstick,after_step,28,29,,0,,,,0,0
9cf312b0d76a11d9b79e6b4100f848d1878ed0b9,kestrel,fsmash,cstick,after_step,29,30,,0,,,,0,0
9cf312b0d76a11d9b79e6b4100f848d1878ed0b9,kestrel,fsmash,cstick,after_step,30,31,,0,,,,0,0
9cf312b0d76a11d9b79e6b4100f848d1878ed0b9,kestrel,fsmash,cstick,after_step,31,32,,0,,,,0,0
9cf312b0d76a11d9b79e6b4100f848d1878ed0b9,kestrel,fsmash,cstick,after_step,32,33,,0,,,,0,0
9cf312b0d76a11d9b79e6b4100f848d1878ed0b9,kestrel,fsmash,cstick,after_step,33,34,,0,,,,0,0
9cf312b0d76a11d9b79e6b4100f848d1878ed0b9,kestrel,fsmash,cstick,after_step,34,35,,0,,,,0,0
9cf312b0d76a11d9b79e6b4100f848d1878ed0b9,kestrel,fsmash,cstick,after_step,35,36,,0,,,,0,0
9cf312b0d76a11d9b79e6b4100f848d1878ed0b9,kestrel,fsmash,cstick,after_step,36,37,,0,,,,0,0
9cf312b0d76a11d9b79e6b4100f848d1878ed0b9,kestrel,fsmash,cstick,after_step,37,38,,0,,,,0,0
9cf312b0d76a11d9b79e6b4100f848d1878ed0b9,kestrel,fsmash,cstick,after_step,38,39,,0,,,,0,0
9cf312b0d76a11d9b79e6b4100f848d1878ed0b9,kestrel,fsmash,cstick,after_step,39,40,,0,,,,0,0
9cf312b0d76a11d9b79e6b4100f848d1878ed0b9,kestrel,fsmash,cstick,after_step,40,1,,0,,,,0,0
9cf312b0d76a11d9b79e6b4100f848d1878ed0b9,kestrel,fsmash,charged_max,pre_step,0,8,,0,,,,0,0
9cf312b0d76a11d9b79e6b4100f848d1878ed0b9,kestrel,fsmash,charged_max,after_step,0,1,,0,,,,0,0
9cf312b0d76a11d9b79e6b4100f848d1878ed0b9,kestrel,fsmash,charged_max,after_step,1,2,,0,,,,0,0
9cf312b0d76a11d9b79e6b4100f848d1878ed0b9,kestrel,fsmash,charged_max,after_step,2,3,,0,,,,0,0
9cf312b0d76a11d9b79e6b4100f848d1878ed0b9,kestrel,fsmash,charged_max,after_step,3,4,,0,,,,0,0
9cf312b0d76a11d9b79e6b4100f848d1878ed0b9,kestrel,fsmash,charged_max,after_step,4,4,,0,,,,0,0
9cf312b0d76a11d9b79e6b4100f848d1878ed0b9,kestrel,fsmash,charged_max,after_step,5,4,,0,,,,0,0
9cf312b0d76a11d9b79e6b4100f848d1878ed0b9,kestrel,fsmash,charged_max,after_step,6,4,,0,,,,0,0
9cf312b0d76a11d9b79e6b4100f848d1878ed0b9,kestrel,fsmash,charged_max,after_step,7,4,,0,,,,0,0
9cf312b0d76a11d9b79e6b4100f848d1878ed0b9,kestrel,fsmash,charged_max,after_step,8,4,,0,,,,0,0
9cf312b0d76a11d9b79e6b4100f848d1878ed0b9,kestrel,fsmash,charged_max,after_step,9,4,,0,,,,0,0
9cf312b0d76a11d9b79e6b4100f848d1878ed0b9,kestrel,fsmash,charged_max,after_step,10,4,,0,,,,0,0
9cf312b0d76a11d9b79e6b4100f848d1878ed0b9,kestrel,fsmash,charged_max,after_step,11,4,,0,,,,0,0
9cf312b0d76a11d9b79e6b4100f848d1878ed0b9,kestrel,fsmash,charged_max,after_step,12,4,,0,,,,0,0
9cf312b0d76a11d9b79e6b4100f848d1878ed0b9,kestrel,fsmash,charged_max,after_step,13,4,,0,,,,0,0
9cf312b0d76a11d9b79e6b4100f848d1878ed0b9,kestrel,fsmash,charged_max,after_step,14,4,,0,,,,0,0
9cf312b0d76a11d9b79e6b4100f848d1878ed0b9,kestrel,fsmash,charged_max,after_step,15,4,,0,,,,0,0
9cf312b0d76a11d9b79e6b4100f848d1878ed0b9,kestrel,fsmash,charged_max,after_step,16,4,,0,,,,0,0
9cf312b0d76a11d9b79e6b4100f848d1878ed0b9,kestrel,fsmash,charged_max,after_step,17,4,,0,,,,0,0
9cf312b0d76a11d9b79e6b4100f848d1878ed0b9,kestrel,fsmash,charged_max,after_step,18,4,,0,,,,0,0
9cf312b0d76a11d9b79e6b4100f848d1878ed0b9,kestrel,fsmash,charged_max,after_step,19,4,,0,,,,0,0
9cf312b0d76a11d9b79e6b4100f848d1878ed0b9,kestrel,fsmash,charged_max,after_step,20,4,,0,,,,0,0
9cf312b0d76a11d9b79e6b4100f848d1878ed0b9,kestrel,fsmash,charged_max,after_step,21,4,,0,,,,0,0
9cf312b0d76a11d9b79e6b4100f848d1878ed0b9,kestrel,fsmash,charged_max,after_step,22,4,,0,,,,0,0
9cf312b0d76a11d9b79e6b4100f848d1878ed0b9,kestrel,fsmash,charged_max,after_step,23,4,,0,,,,0,0
9cf312b0d76a11d9b79e6b4100f848d1878ed0b9,kestrel,fsmash,charged_max,after_step,24,4,,0,,,,0,0
9cf312b0d76a11d9b79e6b4100f848d1878ed0b9,kestrel,fsmash,charged_max,after_step,25,4,,0,,,,0,0
9cf312b0d76a11d9b79e6b4100f848d1878ed0b9,kestrel,fsmash,charged_max,after_step,26,4,,0,,,,0,0
9cf312b0d76a11d9b79e6b4100f848d1878ed0b9,kestrel,fsmash,charged_max,after_step,27,4,,0,,,,0,0
9cf312b0d76a11d9b79e6b4100f848d1878ed0b9,kestrel,fsmash,charged_max,after_step,28,4,,0,,,,0,0
9cf312b0d76a11d9b79e6b4100f848d1878ed0b9,kestrel,fsmash,charged_max,after_step,29,4,,0,,,,0,0
9cf312b0d76a11d9b79e6b4100f848d1878ed0b9,kestrel,fsmash,charged_max,after_step,30,4,,0,,,,0,0
9cf312b0d76a11d9b79e6b4100f848d1878ed0b9,kestrel,fsmash,charged_max,after_step,31,4,,0,,,,0,0
9cf312b0d76a11d9b79e6b4100f848d1878ed0b9,kestrel,fsmash,charged_max,after_step,32,4,,0,,,,0,0
9cf312b0d76a11d9b79e6b4100f848d1878ed0b9,kestrel,fsmash,charged_max,after_step,33,4,,0,,,,0,0
9cf312b0d76a11d9b79e6b4100f848d1878ed0b9,kestrel,fsmash,charged_max,after_step,34,4,,0,,,,0,0
9cf312b0d76a11d9b79e6b4100f848d1878ed0b9,kestrel,fsmash,charged_max,after_step,35,4,,0,,,,0,0
9cf312b0d76a11d9b79e6b4100f848d1878ed0b9,kestrel,fsmash,charged_max,after_step,36,4,,0,,,,0,0
9cf312b0d76a11d9b79e6b4100f848d1878ed0b9,kestrel,fsmash,charged_max,after_step,37,4,,0,,,,0,0
9cf312b0d76a11d9b79e6b4100f848d1878ed0b9,kestrel,fsmash,charged_max,after_step,38,4,,0,,,,0,0
9cf312b0d76a11d9b79e6b4100f848d1878ed0b9,kestrel,fsmash,charged_max,after_step,39,4,,0,,,,0,0
9cf312b0d76a11d9b79e6b4100f848d1878ed0b9,kestrel,fsmash,charged_max,after_step,40,4,,0,,,,0,0
9cf312b0d76a11d9b79e6b4100f848d1878ed0b9,kestrel,fsmash,charged_max,after_step,41,4,,0,,,,0,0
9cf312b0d76a11d9b79e6b4100f848d1878ed0b9,kestrel,fsmash,charged_max,after_step,42,4,,0,,,,0,0
9cf312b0d76a11d9b79e6b4100f848d1878ed0b9,kestrel,fsmash,charged_max,after_step,43,4,,0,,,,0,0
9cf312b0d76a11d9b79e6b4100f848d1878ed0b9,kestrel,fsmash,charged_max,after_step,44,4,,0,,,,0,0
9cf312b0d76a11d9b79e6b4100f848d1878ed0b9,kestrel,fsmash,charged_max,after_step,45,4,,0,,,,0,0
9cf312b0d76a11d9b79e6b4100f848d1878ed0b9,kestrel,fsmash,charged_max,after_step,46,4,,0,,,,0,0
9cf312b0d76a11d9b79e6b4100f848d1878ed0b9,kestrel,fsmash,charged_max,after_step,47,4,,0,,,,0,0
9cf312b0d76a11d9b79e6b4100f848d1878ed0b9,kestrel,fsmash,charged_max,after_step,48,4,,0,,,,0,0
9cf312b0d76a11d9b79e6b4100f848d1878ed0b9,kestrel,fsmash,charged_max,after_step,49,4,,0,,,,0,0
9cf312b0d76a11d9b79e6b4100f848d1878ed0b9,kestrel,fsmash,charged_max,after_step,50,4,,0,,,,0,0
9cf312b0d76a11d9b79e6b4100f848d1878ed0b9,kestrel,fsmash,charged_max,after_step,51,4,,0,,,,0,0
9cf312b0d76a11d9b79e6b4100f848d1878ed0b9,kestrel,fsmash,charged_max,after_step,52,4,,0,,,,0,0
9cf312b0d76a11d9b79e6b4100f848d1878ed0b9,kestrel,fsmash,charged_max,after_step,53,4,,0,,,,0,0
9cf312b0d76a11d9b79e6b4100f848d1878ed0b9,kestrel,fsmash,charged_max,after_step,54,4,,0,,,,0,0
9cf312b0d76a11d9b79e6b4100f848d1878ed0b9,kestrel,fsmash,charged_max,after_step,55,4,,0,,,,0,0
9cf312b0d76a11d9b79e6b4100f848d1878ed0b9,kestrel,fsmash,charged_max,after_step,56,4,,0,,,,0,0
9cf312b0d76a11d9b79e6b4100f848d1878ed0b9,kestrel,fsmash,charged_max,after_step,57,4,,0,,,,0,0
9cf312b0d76a11d9b79e6b4100f848d1878ed0b9,kestrel,fsmash,charged_max,after_step,58,4,,0,,,,0,0
9cf312b0d76a11d9b79e6b4100f848d1878ed0b9,kestrel,fsmash,charged_max,after_step,59,4,,0,,,,0,0
9cf312b0d76a11d9b79e6b4100f848d1878ed0b9,kestrel,fsmash,charged_max,after_step,60,4,,0,,,,0,0
9cf312b0d76a11d9b79e6b4100f848d1878ed0b9,kestrel,fsmash,charged_max,after_step,61,4,,0,,,,0,0
9cf312b0d76a11d9b79e6b4100f848d1878ed0b9,kestrel,fsmash,charged_max,after_step,62,4,,0,,,,0,0
9cf312b0d76a11d9b79e6b4100f848d1878ed0b9,kestrel,fsmash,charged_max,after_step,63,4,,0,,,,0,0
9cf312b0d76a11d9b79e6b4100f848d1878ed0b9,kestrel,fsmash,charged_max,after_step,64,5,,0,,,,0,0
9cf312b0d76a11d9b79e6b4100f848d1878ed0b9,kestrel,fsmash,charged_max,after_step,65,6,,0,,,,0,0
9cf312b0d76a11d9b79e6b4100f848d1878ed0b9,kestrel,fsmash,charged_max,after_step,66,7,,0,,,,0,0
9cf312b0d76a11d9b79e6b4100f848d1878ed0b9,kestrel,fsmash,charged_max,after_step,67,8,,0,,,,0,0
9cf312b0d76a11d9b79e6b4100f848d1878ed0b9,kestrel,fsmash,charged_max,after_step,68,9,,0,,,,0,0
9cf312b0d76a11d9b79e6b4100f848d1878ed0b9,kestrel,fsmash,charged_max,after_step,69,10,,0,,,,0,0
9cf312b0d76a11d9b79e6b4100f848d1878ed0b9,kestrel,fsmash,charged_max,after_step,70,11,clean,1,22.000,19.000,10.500,0,0
9cf312b0d76a11d9b79e6b4100f848d1878ed0b9,kestrel,fsmash,charged_max,after_step,71,12,clean,1,22.000,19.000,10.500,0,0
9cf312b0d76a11d9b79e6b4100f848d1878ed0b9,kestrel,fsmash,charged_max,after_step,72,13,clean,1,22.000,19.000,10.500,0,0
9cf312b0d76a11d9b79e6b4100f848d1878ed0b9,kestrel,fsmash,charged_max,after_step,73,14,,0,,,,0,0
9cf312b0d76a11d9b79e6b4100f848d1878ed0b9,kestrel,fsmash,charged_max,after_step,74,15,,0,,,,0,0
9cf312b0d76a11d9b79e6b4100f848d1878ed0b9,kestrel,fsmash,charged_max,after_step,75,16,,0,,,,0,0
9cf312b0d76a11d9b79e6b4100f848d1878ed0b9,kestrel,fsmash,charged_max,after_step,76,17,,0,,,,0,0
9cf312b0d76a11d9b79e6b4100f848d1878ed0b9,kestrel,fsmash,charged_max,after_step,77,18,,0,,,,0,0
9cf312b0d76a11d9b79e6b4100f848d1878ed0b9,kestrel,fsmash,charged_max,after_step,78,19,,0,,,,0,0
9cf312b0d76a11d9b79e6b4100f848d1878ed0b9,kestrel,fsmash,charged_max,after_step,79,20,,0,,,,0,0
9cf312b0d76a11d9b79e6b4100f848d1878ed0b9,kestrel,fsmash,charged_max,after_step,80,21,,0,,,,0,0
9cf312b0d76a11d9b79e6b4100f848d1878ed0b9,kestrel,fsmash,charged_max,after_step,81,22,,0,,,,0,0
9cf312b0d76a11d9b79e6b4100f848d1878ed0b9,kestrel,fsmash,charged_max,after_step,82,23,,0,,,,0,0
9cf312b0d76a11d9b79e6b4100f848d1878ed0b9,kestrel,fsmash,charged_max,after_step,83,24,,0,,,,0,0
9cf312b0d76a11d9b79e6b4100f848d1878ed0b9,kestrel,fsmash,charged_max,after_step,84,25,,0,,,,0,0
9cf312b0d76a11d9b79e6b4100f848d1878ed0b9,kestrel,fsmash,charged_max,after_step,85,26,,0,,,,0,0
9cf312b0d76a11d9b79e6b4100f848d1878ed0b9,kestrel,fsmash,charged_max,after_step,86,27,,0,,,,0,0
9cf312b0d76a11d9b79e6b4100f848d1878ed0b9,kestrel,fsmash,charged_max,after_step,87,28,,0,,,,0,0
9cf312b0d76a11d9b79e6b4100f848d1878ed0b9,kestrel,fsmash,charged_max,after_step,88,29,,0,,,,0,0
9cf312b0d76a11d9b79e6b4100f848d1878ed0b9,kestrel,fsmash,charged_max,after_step,89,30,,0,,,,0,0
9cf312b0d76a11d9b79e6b4100f848d1878ed0b9,kestrel,fsmash,charged_max,after_step,90,31,,0,,,,0,0
9cf312b0d76a11d9b79e6b4100f848d1878ed0b9,kestrel,fsmash,charged_max,after_step,91,32,,0,,,,0,0
9cf312b0d76a11d9b79e6b4100f848d1878ed0b9,kestrel,fsmash,charged_max,after_step,92,33,,0,,,,0,0
9cf312b0d76a11d9b79e6b4100f848d1878ed0b9,kestrel,fsmash,charged_max,after_step,93,34,,0,,,,0,0
9cf312b0d76a11d9b79e6b4100f848d1878ed0b9,kestrel,fsmash,charged_max,after_step,94,35,,0,,,,0,0
9cf312b0d76a11d9b79e6b4100f848d1878ed0b9,kestrel,fsmash,charged_max,after_step,95,36,,0,,,,0,0
9cf312b0d76a11d9b79e6b4100f848d1878ed0b9,kestrel,fsmash,charged_max,after_step,96,37,,0,,,,0,0
9cf312b0d76a11d9b79e6b4100f848d1878ed0b9,kestrel,fsmash,charged_max,after_step,97,38,,0,,,,0,0
9cf312b0d76a11d9b79e6b4100f848d1878ed0b9,kestrel,fsmash,charged_max,after_step,98,39,,0,,,,0,0
9cf312b0d76a11d9b79e6b4100f848d1878ed0b9,kestrel,fsmash,charged_max,after_step,99,40,,0,,,,0,0
9cf312b0d76a11d9b79e6b4100f848d1878ed0b9,kestrel,fsmash,charged_max,after_step,100,1,,0,,,,0,0
9cf312b0d76a11d9b79e6b4100f848d1878ed0b9,kestrel,usmash,cstick,pre_step,0,8,,0,,,,0,0
9cf312b0d76a11d9b79e6b4100f848d1878ed0b9,kestrel,usmash,cstick,after_step,0,1,,0,,,,0,0
9cf312b0d76a11d9b79e6b4100f848d1878ed0b9,kestrel,usmash,cstick,after_step,1,2,,0,,,,0,0
9cf312b0d76a11d9b79e6b4100f848d1878ed0b9,kestrel,usmash,cstick,after_step,2,3,,0,,,,0,0
9cf312b0d76a11d9b79e6b4100f848d1878ed0b9,kestrel,usmash,cstick,after_step,3,4,,0,,,,0,0
9cf312b0d76a11d9b79e6b4100f848d1878ed0b9,kestrel,usmash,cstick,after_step,4,5,,0,,,,0,0
9cf312b0d76a11d9b79e6b4100f848d1878ed0b9,kestrel,usmash,cstick,after_step,5,6,,0,,,,0,0
9cf312b0d76a11d9b79e6b4100f848d1878ed0b9,kestrel,usmash,cstick,after_step,6,7,clean,1,2.000,37.000,11.500,0,0
9cf312b0d76a11d9b79e6b4100f848d1878ed0b9,kestrel,usmash,cstick,after_step,7,8,clean,1,2.000,37.000,11.500,0,0
9cf312b0d76a11d9b79e6b4100f848d1878ed0b9,kestrel,usmash,cstick,after_step,8,9,clean,1,2.000,37.000,11.500,0,0
9cf312b0d76a11d9b79e6b4100f848d1878ed0b9,kestrel,usmash,cstick,after_step,9,10,late,1,2.000,37.000,11.500,0,0
9cf312b0d76a11d9b79e6b4100f848d1878ed0b9,kestrel,usmash,cstick,after_step,10,11,late,1,2.000,37.000,11.500,0,0
9cf312b0d76a11d9b79e6b4100f848d1878ed0b9,kestrel,usmash,cstick,after_step,11,12,late,1,2.000,37.000,11.500,0,0
9cf312b0d76a11d9b79e6b4100f848d1878ed0b9,kestrel,usmash,cstick,after_step,12,13,late,1,2.000,37.000,11.500,0,0
9cf312b0d76a11d9b79e6b4100f848d1878ed0b9,kestrel,usmash,cstick,after_step,13,14,late,1,2.000,37.000,11.500,0,0
9cf312b0d76a11d9b79e6b4100f848d1878ed0b9,kestrel,usmash,cstick,after_step,14,15,late,1,2.000,37.000,11.500,0,0
9cf312b0d76a11d9b79e6b4100f848d1878ed0b9,kestrel,usmash,cstick,after_step,15,16,late,1,2.000,37.000,11.500,0,0
9cf312b0d76a11d9b79e6b4100f848d1878ed0b9,kestrel,usmash,cstick,after_step,16,17,late,1,2.000,37.000,11.500,0,0
9cf312b0d76a11d9b79e6b4100f848d1878ed0b9,kestrel,usmash,cstick,after_step,17,18,,0,,,,0,0
9cf312b0d76a11d9b79e6b4100f848d1878ed0b9,kestrel,usmash,cstick,after_step,18,19,,0,,,,0,0
9cf312b0d76a11d9b79e6b4100f848d1878ed0b9,kestrel,usmash,cstick,after_step,19,20,,0,,,,0,0
9cf312b0d76a11d9b79e6b4100f848d1878ed0b9,kestrel,usmash,cstick,after_step,20,21,,0,,,,0,0
9cf312b0d76a11d9b79e6b4100f848d1878ed0b9,kestrel,usmash,cstick,after_step,21,22,,0,,,,0,0
9cf312b0d76a11d9b79e6b4100f848d1878ed0b9,kestrel,usmash,cstick,after_step,22,23,,0,,,,0,0
9cf312b0d76a11d9b79e6b4100f848d1878ed0b9,kestrel,usmash,cstick,after_step,23,24,,0,,,,0,0
9cf312b0d76a11d9b79e6b4100f848d1878ed0b9,kestrel,usmash,cstick,after_step,24,25,,0,,,,0,0
9cf312b0d76a11d9b79e6b4100f848d1878ed0b9,kestrel,usmash,cstick,after_step,25,26,,0,,,,0,0
9cf312b0d76a11d9b79e6b4100f848d1878ed0b9,kestrel,usmash,cstick,after_step,26,27,,0,,,,0,0
9cf312b0d76a11d9b79e6b4100f848d1878ed0b9,kestrel,usmash,cstick,after_step,27,28,,0,,,,0,0
9cf312b0d76a11d9b79e6b4100f848d1878ed0b9,kestrel,usmash,cstick,after_step,28,29,,0,,,,0,0
9cf312b0d76a11d9b79e6b4100f848d1878ed0b9,kestrel,usmash,cstick,after_step,29,30,,0,,,,0,0
9cf312b0d76a11d9b79e6b4100f848d1878ed0b9,kestrel,usmash,cstick,after_step,30,31,,0,,,,0,0
9cf312b0d76a11d9b79e6b4100f848d1878ed0b9,kestrel,usmash,cstick,after_step,31,32,,0,,,,0,0
9cf312b0d76a11d9b79e6b4100f848d1878ed0b9,kestrel,usmash,cstick,after_step,32,33,,0,,,,0,0
9cf312b0d76a11d9b79e6b4100f848d1878ed0b9,kestrel,usmash,cstick,after_step,33,34,,0,,,,0,0
9cf312b0d76a11d9b79e6b4100f848d1878ed0b9,kestrel,usmash,cstick,after_step,34,35,,0,,,,0,0
9cf312b0d76a11d9b79e6b4100f848d1878ed0b9,kestrel,usmash,cstick,after_step,35,36,,0,,,,0,0
9cf312b0d76a11d9b79e6b4100f848d1878ed0b9,kestrel,usmash,cstick,after_step,36,37,,0,,,,0,0
9cf312b0d76a11d9b79e6b4100f848d1878ed0b9,kestrel,usmash,cstick,after_step,37,38,,0,,,,0,0
9cf312b0d76a11d9b79e6b4100f848d1878ed0b9,kestrel,usmash,cstick,after_step,38,39,,0,,,,0,0
9cf312b0d76a11d9b79e6b4100f848d1878ed0b9,kestrel,usmash,cstick,after_step,39,40,,0,,,,0,0
9cf312b0d76a11d9b79e6b4100f848d1878ed0b9,kestrel,usmash,cstick,after_step,40,1,,0,,,,0,0
9cf312b0d76a11d9b79e6b4100f848d1878ed0b9,kestrel,dsmash,cstick,pre_step,0,8,,0,,,,0,0
9cf312b0d76a11d9b79e6b4100f848d1878ed0b9,kestrel,dsmash,cstick,after_step,0,1,,0,,,,0,0
9cf312b0d76a11d9b79e6b4100f848d1878ed0b9,kestrel,dsmash,cstick,after_step,1,2,,0,,,,0,0
9cf312b0d76a11d9b79e6b4100f848d1878ed0b9,kestrel,dsmash,cstick,after_step,2,3,,0,,,,0,0
9cf312b0d76a11d9b79e6b4100f848d1878ed0b9,kestrel,dsmash,cstick,after_step,3,4,,0,,,,0,0
9cf312b0d76a11d9b79e6b4100f848d1878ed0b9,kestrel,dsmash,cstick,after_step,4,5,,0,,,,0,0
9cf312b0d76a11d9b79e6b4100f848d1878ed0b9,kestrel,dsmash,cstick,after_step,5,6,clean,1,20.000,13.000,10.000,0,0
9cf312b0d76a11d9b79e6b4100f848d1878ed0b9,kestrel,dsmash,cstick,after_step,6,7,clean,1,20.000,13.000,10.000,0,0
9cf312b0d76a11d9b79e6b4100f848d1878ed0b9,kestrel,dsmash,cstick,after_step,7,8,clean,1,20.000,13.000,10.000,0,0
9cf312b0d76a11d9b79e6b4100f848d1878ed0b9,kestrel,dsmash,cstick,after_step,8,9,,0,,,,0,0
9cf312b0d76a11d9b79e6b4100f848d1878ed0b9,kestrel,dsmash,cstick,after_step,9,10,,0,,,,0,0
9cf312b0d76a11d9b79e6b4100f848d1878ed0b9,kestrel,dsmash,cstick,after_step,10,11,,0,,,,0,0
9cf312b0d76a11d9b79e6b4100f848d1878ed0b9,kestrel,dsmash,cstick,after_step,11,12,,0,,,,0,0
9cf312b0d76a11d9b79e6b4100f848d1878ed0b9,kestrel,dsmash,cstick,after_step,12,13,,0,,,,0,0
9cf312b0d76a11d9b79e6b4100f848d1878ed0b9,kestrel,dsmash,cstick,after_step,13,14,,0,,,,0,0
9cf312b0d76a11d9b79e6b4100f848d1878ed0b9,kestrel,dsmash,cstick,after_step,14,15,,0,,,,0,0
9cf312b0d76a11d9b79e6b4100f848d1878ed0b9,kestrel,dsmash,cstick,after_step,15,16,,0,,,,0,0
9cf312b0d76a11d9b79e6b4100f848d1878ed0b9,kestrel,dsmash,cstick,after_step,16,17,,0,,,,0,0
9cf312b0d76a11d9b79e6b4100f848d1878ed0b9,kestrel,dsmash,cstick,after_step,17,18,,0,,,,0,0
9cf312b0d76a11d9b79e6b4100f848d1878ed0b9,kestrel,dsmash,cstick,after_step,18,19,,0,,,,0,0
9cf312b0d76a11d9b79e6b4100f848d1878ed0b9,kestrel,dsmash,cstick,after_step,19,20,,0,,,,0,0
9cf312b0d76a11d9b79e6b4100f848d1878ed0b9,kestrel,dsmash,cstick,after_step,20,21,,0,,,,0,0
9cf312b0d76a11d9b79e6b4100f848d1878ed0b9,kestrel,dsmash,cstick,after_step,21,22,,0,,,,0,0
9cf312b0d76a11d9b79e6b4100f848d1878ed0b9,kestrel,dsmash,cstick,after_step,22,23,,0,,,,0,0
9cf312b0d76a11d9b79e6b4100f848d1878ed0b9,kestrel,dsmash,cstick,after_step,23,24,,0,,,,0,0
9cf312b0d76a11d9b79e6b4100f848d1878ed0b9,kestrel,dsmash,cstick,after_step,24,25,,0,,,,0,0
9cf312b0d76a11d9b79e6b4100f848d1878ed0b9,kestrel,dsmash,cstick,after_step,25,26,,0,,,,0,0
9cf312b0d76a11d9b79e6b4100f848d1878ed0b9,kestrel,dsmash,cstick,after_step,26,27,,0,,,,0,0
9cf312b0d76a11d9b79e6b4100f848d1878ed0b9,kestrel,dsmash,cstick,after_step,27,28,,0,,,,0,0
9cf312b0d76a11d9b79e6b4100f848d1878ed0b9,kestrel,dsmash,cstick,after_step,28,29,,0,,,,0,0
9cf312b0d76a11d9b79e6b4100f848d1878ed0b9,kestrel,dsmash,cstick,after_step,29,30,,0,,,,0,0
9cf312b0d76a11d9b79e6b4100f848d1878ed0b9,kestrel,dsmash,cstick,after_step,30,31,,0,,,,0,0
9cf312b0d76a11d9b79e6b4100f848d1878ed0b9,kestrel,dsmash,cstick,after_step,31,32,,0,,,,0,0
9cf312b0d76a11d9b79e6b4100f848d1878ed0b9,kestrel,dsmash,cstick,after_step,32,33,,0,,,,0,0
9cf312b0d76a11d9b79e6b4100f848d1878ed0b9,kestrel,dsmash,cstick,after_step,33,34,,0,,,,0,0
9cf312b0d76a11d9b79e6b4100f848d1878ed0b9,kestrel,dsmash,cstick,after_step,34,35,,0,,,,0,0
9cf312b0d76a11d9b79e6b4100f848d1878ed0b9,kestrel,dsmash,cstick,after_step,35,36,,0,,,,0,0
9cf312b0d76a11d9b79e6b4100f848d1878ed0b9,kestrel,dsmash,cstick,after_step,36,37,,0,,,,0,0
9cf312b0d76a11d9b79e6b4100f848d1878ed0b9,kestrel,dsmash,cstick,after_step,37,38,,0,,,,0,0
9cf312b0d76a11d9b79e6b4100f848d1878ed0b9,kestrel,dsmash,cstick,after_step,38,39,,0,,,,0,0
9cf312b0d76a11d9b79e6b4100f848d1878ed0b9,kestrel,dsmash,cstick,after_step,39,1,,0,,,,0,0
9cf312b0d76a11d9b79e6b4100f848d1878ed0b9,kestrel,dash_attack,from_dash,after_step,3,4,,0,,,,0,0
9cf312b0d76a11d9b79e6b4100f848d1878ed0b9,kestrel,dash_attack,from_dash,after_step,4,1,,0,,,,0,0
9cf312b0d76a11d9b79e6b4100f848d1878ed0b9,kestrel,dash_attack,from_dash,after_step,5,2,,0,,,,0,0
9cf312b0d76a11d9b79e6b4100f848d1878ed0b9,kestrel,dash_attack,from_dash,after_step,6,3,,0,,,,0,0
9cf312b0d76a11d9b79e6b4100f848d1878ed0b9,kestrel,dash_attack,from_dash,after_step,7,4,clean,1,39.160,21.000,10.000,0,0
9cf312b0d76a11d9b79e6b4100f848d1878ed0b9,kestrel,dash_attack,from_dash,after_step,8,5,clean,1,42.345,21.000,10.000,0,0
9cf312b0d76a11d9b79e6b4100f848d1878ed0b9,kestrel,dash_attack,from_dash,after_step,9,6,clean,1,45.368,21.000,10.000,0,0
9cf312b0d76a11d9b79e6b4100f848d1878ed0b9,kestrel,dash_attack,from_dash,after_step,10,7,clean,1,48.229,21.000,10.000,0,0
9cf312b0d76a11d9b79e6b4100f848d1878ed0b9,kestrel,dash_attack,from_dash,after_step,11,8,late,1,50.928,21.000,10.000,0,0
9cf312b0d76a11d9b79e6b4100f848d1878ed0b9,kestrel,dash_attack,from_dash,after_step,12,9,late,1,53.465,21.000,10.000,0,0
9cf312b0d76a11d9b79e6b4100f848d1878ed0b9,kestrel,dash_attack,from_dash,after_step,13,10,late,1,55.840,21.000,10.000,0,0
9cf312b0d76a11d9b79e6b4100f848d1878ed0b9,kestrel,dash_attack,from_dash,after_step,14,11,late,1,58.053,21.000,10.000,0,0
9cf312b0d76a11d9b79e6b4100f848d1878ed0b9,kestrel,dash_attack,from_dash,after_step,15,12,late,1,60.104,21.000,10.000,0,0
9cf312b0d76a11d9b79e6b4100f848d1878ed0b9,kestrel,dash_attack,from_dash,after_step,16,13,late,1,61.993,21.000,10.000,0,0
9cf312b0d76a11d9b79e6b4100f848d1878ed0b9,kestrel,dash_attack,from_dash,after_step,17,14,,0,,,,0,0
9cf312b0d76a11d9b79e6b4100f848d1878ed0b9,kestrel,dash_attack,from_dash,after_step,18,15,,0,,,,0,0
9cf312b0d76a11d9b79e6b4100f848d1878ed0b9,kestrel,dash_attack,from_dash,after_step,19,16,,0,,,,0,0
9cf312b0d76a11d9b79e6b4100f848d1878ed0b9,kestrel,dash_attack,from_dash,after_step,20,17,,0,,,,0,0
9cf312b0d76a11d9b79e6b4100f848d1878ed0b9,kestrel,dash_attack,from_dash,after_step,21,18,,0,,,,0,0
9cf312b0d76a11d9b79e6b4100f848d1878ed0b9,kestrel,dash_attack,from_dash,after_step,22,19,,0,,,,0,0
9cf312b0d76a11d9b79e6b4100f848d1878ed0b9,kestrel,dash_attack,from_dash,after_step,23,20,,0,,,,0,0
9cf312b0d76a11d9b79e6b4100f848d1878ed0b9,kestrel,dash_attack,from_dash,after_step,24,21,,0,,,,0,0
9cf312b0d76a11d9b79e6b4100f848d1878ed0b9,kestrel,dash_attack,from_dash,after_step,25,22,,0,,,,0,0
9cf312b0d76a11d9b79e6b4100f848d1878ed0b9,kestrel,dash_attack,from_dash,after_step,26,23,,0,,,,0,0
9cf312b0d76a11d9b79e6b4100f848d1878ed0b9,kestrel,dash_attack,from_dash,after_step,27,24,,0,,,,0,0
9cf312b0d76a11d9b79e6b4100f848d1878ed0b9,kestrel,dash_attack,from_dash,after_step,28,25,,0,,,,0,0
9cf312b0d76a11d9b79e6b4100f848d1878ed0b9,kestrel,dash_attack,from_dash,after_step,29,26,,0,,,,0,0
9cf312b0d76a11d9b79e6b4100f848d1878ed0b9,kestrel,dash_attack,from_dash,after_step,30,27,,0,,,,0,0
9cf312b0d76a11d9b79e6b4100f848d1878ed0b9,kestrel,dash_attack,from_dash,after_step,31,28,,0,,,,0,0
9cf312b0d76a11d9b79e6b4100f848d1878ed0b9,kestrel,dash_attack,from_dash,after_step,32,29,,0,,,,0,0
9cf312b0d76a11d9b79e6b4100f848d1878ed0b9,kestrel,dash_attack,from_dash,after_step,33,30,,0,,,,0,0
9cf312b0d76a11d9b79e6b4100f848d1878ed0b9,kestrel,dash_attack,from_dash,after_step,34,31,,0,,,,0,0
9cf312b0d76a11d9b79e6b4100f848d1878ed0b9,kestrel,dash_attack,from_dash,after_step,35,32,,0,,,,0,0
9cf312b0d76a11d9b79e6b4100f848d1878ed0b9,kestrel,dash_attack,from_dash,after_step,36,33,,0,,,,0,0
9cf312b0d76a11d9b79e6b4100f848d1878ed0b9,kestrel,dash_attack,from_dash,after_step,37,34,,0,,,,0,0
9cf312b0d76a11d9b79e6b4100f848d1878ed0b9,kestrel,dash_attack,from_dash,after_step,38,35,,0,,,,0,0
9cf312b0d76a11d9b79e6b4100f848d1878ed0b9,kestrel,dash_attack,from_dash,after_step,39,36,,0,,,,0,0
9cf312b0d76a11d9b79e6b4100f848d1878ed0b9,kestrel,dash_attack,from_dash,after_step,40,1,,0,,,,0,0
9cf312b0d76a11d9b79e6b4100f848d1878ed0b9,kestrel,nair,fullhop,after_step,7,6,,0,,,,0,0
9cf312b0d76a11d9b79e6b4100f848d1878ed0b9,kestrel,nair,fullhop,after_step,8,1,,0,,,,0,0
9cf312b0d76a11d9b79e6b4100f848d1878ed0b9,kestrel,nair,fullhop,after_step,9,2,,0,,,,0,0
9cf312b0d76a11d9b79e6b4100f848d1878ed0b9,kestrel,nair,fullhop,after_step,10,3,clean,1,12.000,69.400,10.500,0,0
9cf312b0d76a11d9b79e6b4100f848d1878ed0b9,kestrel,nair,fullhop,after_step,11,4,clean,1,12.000,72.500,10.500,0,0
9cf312b0d76a11d9b79e6b4100f848d1878ed0b9,kestrel,nair,fullhop,after_step,12,5,clean,1,12.000,75.100,10.500,0,0
9cf312b0d76a11d9b79e6b4100f848d1878ed0b9,kestrel,nair,fullhop,after_step,13,6,clean,1,12.000,77.200,10.500,0,0
9cf312b0d76a11d9b79e6b4100f848d1878ed0b9,kestrel,nair,fullhop,after_step,14,7,late,1,12.000,78.800,10.500,0,0
9cf312b0d76a11d9b79e6b4100f848d1878ed0b9,kestrel,nair,fullhop,after_step,15,8,late,1,12.000,79.900,10.500,0,0
9cf312b0d76a11d9b79e6b4100f848d1878ed0b9,kestrel,nair,fullhop,after_step,16,9,late,1,12.000,80.500,10.500,0,0
9cf312b0d76a11d9b79e6b4100f848d1878ed0b9,kestrel,nair,fullhop,after_step,17,10,late,1,12.000,80.600,10.500,0,0
9cf312b0d76a11d9b79e6b4100f848d1878ed0b9,kestrel,nair,fullhop,after_step,18,11,late,1,12.000,80.200,10.500,0,0
9cf312b0d76a11d9b79e6b4100f848d1878ed0b9,kestrel,nair,fullhop,after_step,19,12,late,1,12.000,79.300,10.500,0,0
9cf312b0d76a11d9b79e6b4100f848d1878ed0b9,kestrel,nair,fullhop,after_step,20,13,late,1,12.000,77.900,10.500,0,0
9cf312b0d76a11d9b79e6b4100f848d1878ed0b9,kestrel,nair,fullhop,after_step,21,14,late,1,12.000,76.000,10.500,0,0
9cf312b0d76a11d9b79e6b4100f848d1878ed0b9,kestrel,nair,fullhop,after_step,22,15,late,1,12.000,73.600,10.500,0,0
9cf312b0d76a11d9b79e6b4100f848d1878ed0b9,kestrel,nair,fullhop,after_step,23,16,late,1,12.000,70.700,10.500,0,0
9cf312b0d76a11d9b79e6b4100f848d1878ed0b9,kestrel,nair,fullhop,after_step,24,17,late,1,12.000,67.300,10.500,0,0
9cf312b0d76a11d9b79e6b4100f848d1878ed0b9,kestrel,nair,fullhop,after_step,25,18,late,1,12.000,63.400,10.500,0,0
9cf312b0d76a11d9b79e6b4100f848d1878ed0b9,kestrel,nair,fullhop,after_step,26,19,late,1,12.000,59.000,10.500,0,0
9cf312b0d76a11d9b79e6b4100f848d1878ed0b9,kestrel,nair,fullhop,after_step,27,20,late,1,12.000,54.100,10.500,0,0
9cf312b0d76a11d9b79e6b4100f848d1878ed0b9,kestrel,nair,fullhop,after_step,28,21,late,1,12.000,48.700,10.500,0,0
9cf312b0d76a11d9b79e6b4100f848d1878ed0b9,kestrel,nair,fullhop,after_step,29,22,late,1,12.000,42.800,10.500,0,0
9cf312b0d76a11d9b79e6b4100f848d1878ed0b9,kestrel,nair,fullhop,after_step,30,23,late,1,12.000,36.700,10.500,0,0
9cf312b0d76a11d9b79e6b4100f848d1878ed0b9,kestrel,nair,fullhop,after_step,31,24,late,1,12.000,30.600,10.500,0,0
9cf312b0d76a11d9b79e6b4100f848d1878ed0b9,kestrel,nair,fullhop,after_step,32,25,late,1,12.000,24.500,10.500,0,0
9cf312b0d76a11d9b79e6b4100f848d1878ed0b9,kestrel,nair,fullhop,after_step,33,1,,0,,,,0,0
9cf312b0d76a11d9b79e6b4100f848d1878ed0b9,kestrel,fair,fullhop,after_step,7,6,,0,,,,0,0
9cf312b0d76a11d9b79e6b4100f848d1878ed0b9,kestrel,fair,fullhop,after_step,8,1,,0,,,,0,0
9cf312b0d76a11d9b79e6b4100f848d1878ed0b9,kestrel,fair,fullhop,after_step,9,2,,0,,,,0,0
9cf312b0d76a11d9b79e6b4100f848d1878ed0b9,kestrel,fair,fullhop,after_step,10,3,,0,,,,0,0
9cf312b0d76a11d9b79e6b4100f848d1878ed0b9,kestrel,fair,fullhop,after_step,11,4,,0,,,,0,0
9cf312b0d76a11d9b79e6b4100f848d1878ed0b9,kestrel,fair,fullhop,after_step,12,5,,0,,,,0,0
9cf312b0d76a11d9b79e6b4100f848d1878ed0b9,kestrel,fair,fullhop,after_step,13,6,,0,,,,0,0
9cf312b0d76a11d9b79e6b4100f848d1878ed0b9,kestrel,fair,fullhop,after_step,14,7,clean,1,19.920,80.800,9.000,0,0
9cf312b0d76a11d9b79e6b4100f848d1878ed0b9,kestrel,fair,fullhop,after_step,15,8,clean,1,20.090,81.900,9.000,0,0
9cf312b0d76a11d9b79e6b4100f848d1878ed0b9,kestrel,fair,fullhop,after_step,16,9,clean,1,20.215,82.500,9.000,0,0
9cf312b0d76a11d9b79e6b4100f848d1878ed0b9,kestrel,fair,fullhop,after_step,17,10,clean,1,20.295,82.600,9.000,0,0
9cf312b0d76a11d9b79e6b4100f848d1878ed0b9,kestrel,fair,fullhop,after_step,18,11,,0,,,,0,0
9cf312b0d76a11d9b79e6b4100f848d1878ed0b9,kestrel,fair,fullhop,after_step,19,12,,0,,,,0,0
9cf312b0d76a11d9b79e6b4100f848d1878ed0b9,kestrel,fair,fullhop,after_step,20,13,,0,,,,0,0
9cf312b0d76a11d9b79e6b4100f848d1878ed0b9,kestrel,fair,fullhop,after_step,21,14,,0,,,,0,0
9cf312b0d76a11d9b79e6b4100f848d1878ed0b9,kestrel,fair,fullhop,after_step,22,15,,0,,,,0,0
9cf312b0d76a11d9b79e6b4100f848d1878ed0b9,kestrel,fair,fullhop,after_step,23,16,,0,,,,0,0
9cf312b0d76a11d9b79e6b4100f848d1878ed0b9,kestrel,fair,fullhop,after_step,24,17,,0,,,,0,0
9cf312b0d76a11d9b79e6b4100f848d1878ed0b9,kestrel,fair,fullhop,after_step,25,18,,0,,,,0,0
9cf312b0d76a11d9b79e6b4100f848d1878ed0b9,kestrel,fair,fullhop,after_step,26,19,,0,,,,0,0
9cf312b0d76a11d9b79e6b4100f848d1878ed0b9,kestrel,fair,fullhop,after_step,27,20,,0,,,,0,0
9cf312b0d76a11d9b79e6b4100f848d1878ed0b9,kestrel,fair,fullhop,after_step,28,21,,0,,,,0,0
9cf312b0d76a11d9b79e6b4100f848d1878ed0b9,kestrel,fair,fullhop,after_step,29,22,,0,,,,0,0
9cf312b0d76a11d9b79e6b4100f848d1878ed0b9,kestrel,fair,fullhop,after_step,30,23,,0,,,,0,0
9cf312b0d76a11d9b79e6b4100f848d1878ed0b9,kestrel,fair,fullhop,after_step,31,24,,0,,,,0,0
9cf312b0d76a11d9b79e6b4100f848d1878ed0b9,kestrel,fair,fullhop,after_step,32,25,,0,,,,0,0
9cf312b0d76a11d9b79e6b4100f848d1878ed0b9,kestrel,fair,fullhop,after_step,33,1,,0,,,,0,0
9cf312b0d76a11d9b79e6b4100f848d1878ed0b9,kestrel,bair,fullhop,after_step,7,6,,0,,,,0,0
9cf312b0d76a11d9b79e6b4100f848d1878ed0b9,kestrel,bair,fullhop,after_step,8,1,,0,,,,0,0
9cf312b0d76a11d9b79e6b4100f848d1878ed0b9,kestrel,bair,fullhop,after_step,9,2,,0,,,,0,0
9cf312b0d76a11d9b79e6b4100f848d1878ed0b9,kestrel,bair,fullhop,after_step,10,3,,0,,,,0,0
9cf312b0d76a11d9b79e6b4100f848d1878ed0b9,kestrel,bair,fullhop,after_step,11,4,clean,1,-19.140,72.500,9.000,0,0
9cf312b0d76a11d9b79e6b4100f848d1878ed0b9,kestrel,bair,fullhop,after_step,12,5,clean,1,-19.445,75.100,9.000,0,0
9cf312b0d76a11d9b79e6b4100f848d1878ed0b9,kestrel,bair,fullhop,after_step,13,6,clean,1,-19.705,77.200,9.000,0,0
9cf312b0d76a11d9b79e6b4100f848d1878ed0b9,kestrel,bair,fullhop,after_step,14,7,clean,1,-19.920,78.800,9.000,0,0
9cf312b0d76a11d9b79e6b4100f848d1878ed0b9,kestrel,bair,fullhop,after_step,15,8,late,1,-20.090,79.900,9.000,0,0
9cf312b0d76a11d9b79e6b4100f848d1878ed0b9,kestrel,bair,fullhop,after_step,16,9,late,1,-20.215,80.500,9.000,0,0
9cf312b0d76a11d9b79e6b4100f848d1878ed0b9,kestrel,bair,fullhop,after_step,17,10,late,1,-20.295,80.600,9.000,0,0
9cf312b0d76a11d9b79e6b4100f848d1878ed0b9,kestrel,bair,fullhop,after_step,18,11,late,1,-20.330,80.200,9.000,0,0
9cf312b0d76a11d9b79e6b4100f848d1878ed0b9,kestrel,bair,fullhop,after_step,19,12,late,1,-20.330,79.300,9.000,0,0
9cf312b0d76a11d9b79e6b4100f848d1878ed0b9,kestrel,bair,fullhop,after_step,20,13,late,1,-20.330,77.900,9.000,0,0
9cf312b0d76a11d9b79e6b4100f848d1878ed0b9,kestrel,bair,fullhop,after_step,21,14,late,1,-20.330,76.000,9.000,0,0
9cf312b0d76a11d9b79e6b4100f848d1878ed0b9,kestrel,bair,fullhop,after_step,22,15,late,1,-20.330,73.600,9.000,0,0
9cf312b0d76a11d9b79e6b4100f848d1878ed0b9,kestrel,bair,fullhop,after_step,23,16,late,1,-20.330,70.700,9.000,0,0
9cf312b0d76a11d9b79e6b4100f848d1878ed0b9,kestrel,bair,fullhop,after_step,24,17,late,1,-20.330,67.300,9.000,0,0
9cf312b0d76a11d9b79e6b4100f848d1878ed0b9,kestrel,bair,fullhop,after_step,25,18,late,1,-20.330,63.400,9.000,0,0
9cf312b0d76a11d9b79e6b4100f848d1878ed0b9,kestrel,bair,fullhop,after_step,26,19,late,1,-20.330,59.000,9.000,0,0
9cf312b0d76a11d9b79e6b4100f848d1878ed0b9,kestrel,bair,fullhop,after_step,27,20,,0,,,,0,0
9cf312b0d76a11d9b79e6b4100f848d1878ed0b9,kestrel,bair,fullhop,after_step,28,21,,0,,,,0,0
9cf312b0d76a11d9b79e6b4100f848d1878ed0b9,kestrel,bair,fullhop,after_step,29,22,,0,,,,0,0
9cf312b0d76a11d9b79e6b4100f848d1878ed0b9,kestrel,bair,fullhop,after_step,30,23,,0,,,,0,0
9cf312b0d76a11d9b79e6b4100f848d1878ed0b9,kestrel,bair,fullhop,after_step,31,24,,0,,,,0,0
9cf312b0d76a11d9b79e6b4100f848d1878ed0b9,kestrel,bair,fullhop,after_step,32,25,,0,,,,0,0
9cf312b0d76a11d9b79e6b4100f848d1878ed0b9,kestrel,bair,fullhop,after_step,33,1,,0,,,,0,0
9cf312b0d76a11d9b79e6b4100f848d1878ed0b9,kestrel,uair,fullhop,after_step,7,6,,0,,,,0,0
9cf312b0d76a11d9b79e6b4100f848d1878ed0b9,kestrel,uair,fullhop,after_step,8,1,,0,,,,0,0
9cf312b0d76a11d9b79e6b4100f848d1878ed0b9,kestrel,uair,fullhop,after_step,9,2,,0,,,,0,0
9cf312b0d76a11d9b79e6b4100f848d1878ed0b9,kestrel,uair,fullhop,after_step,10,3,,0,,,,0,0
9cf312b0d76a11d9b79e6b4100f848d1878ed0b9,kestrel,uair,fullhop,after_step,11,4,,0,,,,0,0
9cf312b0d76a11d9b79e6b4100f848d1878ed0b9,kestrel,uair,fullhop,after_step,12,5,,0,,,,0,0
9cf312b0d76a11d9b79e6b4100f848d1878ed0b9,kestrel,uair,fullhop,after_step,13,6,,0,,,,0,0
9cf312b0d76a11d9b79e6b4100f848d1878ed0b9,kestrel,uair,fullhop,after_step,14,7,clean,1,2.000,92.800,10.000,0,0
9cf312b0d76a11d9b79e6b4100f848d1878ed0b9,kestrel,uair,fullhop,after_step,15,8,clean,1,2.000,93.900,10.000,0,0
9cf312b0d76a11d9b79e6b4100f848d1878ed0b9,kestrel,uair,fullhop,after_step,16,9,clean,1,2.000,94.500,10.000,0,0
9cf312b0d76a11d9b79e6b4100f848d1878ed0b9,kestrel,uair,fullhop,after_step,17,10,clean,1,2.000,94.600,10.000,0,0
9cf312b0d76a11d9b79e6b4100f848d1878ed0b9,kestrel,uair,fullhop,after_step,18,11,,0,,,,0,0
9cf312b0d76a11d9b79e6b4100f848d1878ed0b9,kestrel,uair,fullhop,after_step,19,12,,0,,,,0,0
9cf312b0d76a11d9b79e6b4100f848d1878ed0b9,kestrel,uair,fullhop,after_step,20,13,,0,,,,0,0
9cf312b0d76a11d9b79e6b4100f848d1878ed0b9,kestrel,uair,fullhop,after_step,21,14,,0,,,,0,0
9cf312b0d76a11d9b79e6b4100f848d1878ed0b9,kestrel,uair,fullhop,after_step,22,15,,0,,,,0,0
9cf312b0d76a11d9b79e6b4100f848d1878ed0b9,kestrel,uair,fullhop,after_step,23,16,,0,,,,0,0
9cf312b0d76a11d9b79e6b4100f848d1878ed0b9,kestrel,uair,fullhop,after_step,24,17,,0,,,,0,0
9cf312b0d76a11d9b79e6b4100f848d1878ed0b9,kestrel,uair,fullhop,after_step,25,18,,0,,,,0,0
9cf312b0d76a11d9b79e6b4100f848d1878ed0b9,kestrel,uair,fullhop,after_step,26,19,,0,,,,0,0
9cf312b0d76a11d9b79e6b4100f848d1878ed0b9,kestrel,uair,fullhop,after_step,27,20,,0,,,,0,0
9cf312b0d76a11d9b79e6b4100f848d1878ed0b9,kestrel,uair,fullhop,after_step,28,21,,0,,,,0,0
9cf312b0d76a11d9b79e6b4100f848d1878ed0b9,kestrel,uair,fullhop,after_step,29,22,,0,,,,0,0
9cf312b0d76a11d9b79e6b4100f848d1878ed0b9,kestrel,uair,fullhop,after_step,30,23,,0,,,,0,0
9cf312b0d76a11d9b79e6b4100f848d1878ed0b9,kestrel,uair,fullhop,after_step,31,24,,0,,,,0,0
9cf312b0d76a11d9b79e6b4100f848d1878ed0b9,kestrel,uair,fullhop,after_step,32,25,,0,,,,0,0
9cf312b0d76a11d9b79e6b4100f848d1878ed0b9,kestrel,uair,fullhop,after_step,33,1,,0,,,,0,0
9cf312b0d76a11d9b79e6b4100f848d1878ed0b9,kestrel,dair,fullhop,after_step,7,6,,0,,,,0,0
9cf312b0d76a11d9b79e6b4100f848d1878ed0b9,kestrel,dair,fullhop,after_step,8,1,,0,,,,0,0
9cf312b0d76a11d9b79e6b4100f848d1878ed0b9,kestrel,dair,fullhop,after_step,9,2,,0,,,,0,0
9cf312b0d76a11d9b79e6b4100f848d1878ed0b9,kestrel,dair,fullhop,after_step,10,3,,0,,,,0,0
9cf312b0d76a11d9b79e6b4100f848d1878ed0b9,kestrel,dair,fullhop,after_step,11,4,,0,,,,0,0
9cf312b0d76a11d9b79e6b4100f848d1878ed0b9,kestrel,dair,fullhop,after_step,12,5,,0,,,,0,0
9cf312b0d76a11d9b79e6b4100f848d1878ed0b9,kestrel,dair,fullhop,after_step,13,6,,0,,,,0,0
9cf312b0d76a11d9b79e6b4100f848d1878ed0b9,kestrel,dair,fullhop,after_step,14,7,clean,1,8.000,58.800,9.000,0,0
9cf312b0d76a11d9b79e6b4100f848d1878ed0b9,kestrel,dair,fullhop,after_step,15,8,clean,1,8.000,59.900,9.000,0,0
9cf312b0d76a11d9b79e6b4100f848d1878ed0b9,kestrel,dair,fullhop,after_step,16,9,clean,1,8.000,60.500,9.000,0,0
9cf312b0d76a11d9b79e6b4100f848d1878ed0b9,kestrel,dair,fullhop,after_step,17,10,clean,1,8.000,60.600,9.000,0,0
9cf312b0d76a11d9b79e6b4100f848d1878ed0b9,kestrel,dair,fullhop,after_step,18,11,clean,1,8.000,60.200,9.000,0,0
9cf312b0d76a11d9b79e6b4100f848d1878ed0b9,kestrel,dair,fullhop,after_step,19,12,,0,,,,0,0
9cf312b0d76a11d9b79e6b4100f848d1878ed0b9,kestrel,dair,fullhop,after_step,20,13,,0,,,,0,0
9cf312b0d76a11d9b79e6b4100f848d1878ed0b9,kestrel,dair,fullhop,after_step,21,14,,0,,,,0,0
9cf312b0d76a11d9b79e6b4100f848d1878ed0b9,kestrel,dair,fullhop,after_step,22,15,,0,,,,0,0
9cf312b0d76a11d9b79e6b4100f848d1878ed0b9,kestrel,dair,fullhop,after_step,23,16,,0,,,,0,0
9cf312b0d76a11d9b79e6b4100f848d1878ed0b9,kestrel,dair,fullhop,after_step,24,17,,0,,,,0,0
9cf312b0d76a11d9b79e6b4100f848d1878ed0b9,kestrel,dair,fullhop,after_step,25,18,,0,,,,0,0
9cf312b0d76a11d9b79e6b4100f848d1878ed0b9,kestrel,dair,fullhop,after_step,26,19,,0,,,,0,0
9cf312b0d76a11d9b79e6b4100f848d1878ed0b9,kestrel,dair,fullhop,after_step,27,20,,0,,,,0,0
9cf312b0d76a11d9b79e6b4100f848d1878ed0b9,kestrel,dair,fullhop,after_step,28,21,,0,,,,0,0
9cf312b0d76a11d9b79e6b4100f848d1878ed0b9,kestrel,dair,fullhop,after_step,29,22,,0,,,,0,0
9cf312b0d76a11d9b79e6b4100f848d1878ed0b9,kestrel,dair,fullhop,after_step,30,23,,0,,,,0,0
9cf312b0d76a11d9b79e6b4100f848d1878ed0b9,kestrel,dair,fullhop,after_step,31,24,,0,,,,0,0
9cf312b0d76a11d9b79e6b4100f848d1878ed0b9,kestrel,dair,fullhop,after_step,32,25,,0,,,,0,0
9cf312b0d76a11d9b79e6b4100f848d1878ed0b9,kestrel,dair,fullhop,after_step,33,1,,0,,,,0,0
9cf312b0d76a11d9b79e6b4100f848d1878ed0b9,kestrel,special_n,ground,pre_step,0,8,,0,,,,0,0
9cf312b0d76a11d9b79e6b4100f848d1878ed0b9,kestrel,special_n,ground,after_step,0,1,,0,,,,0,0
9cf312b0d76a11d9b79e6b4100f848d1878ed0b9,kestrel,special_n,ground,after_step,0,1,projectile,1,21.000,15.000,4.000,0,0
9cf312b0d76a11d9b79e6b4100f848d1878ed0b9,kestrel,special_n,ground,after_step,1,2,,0,,,,0,0
9cf312b0d76a11d9b79e6b4100f848d1878ed0b9,kestrel,special_n,ground,after_step,1,2,projectile,1,28.000,15.000,4.000,0,0
9cf312b0d76a11d9b79e6b4100f848d1878ed0b9,kestrel,special_n,ground,after_step,2,3,,0,,,,0,0
9cf312b0d76a11d9b79e6b4100f848d1878ed0b9,kestrel,special_n,ground,after_step,2,3,projectile,1,35.000,15.000,4.000,0,0
9cf312b0d76a11d9b79e6b4100f848d1878ed0b9,kestrel,special_n,ground,after_step,3,4,,0,,,,0,0
9cf312b0d76a11d9b79e6b4100f848d1878ed0b9,kestrel,special_n,ground,after_step,3,4,projectile,1,42.000,15.000,4.000,0,0
9cf312b0d76a11d9b79e6b4100f848d1878ed0b9,kestrel,special_n,ground,after_step,4,5,,0,,,,0,0
9cf312b0d76a11d9b79e6b4100f848d1878ed0b9,kestrel,special_n,ground,after_step,4,5,projectile,1,49.000,15.000,4.000,0,0
9cf312b0d76a11d9b79e6b4100f848d1878ed0b9,kestrel,special_n,ground,after_step,5,6,,0,,,,0,0
9cf312b0d76a11d9b79e6b4100f848d1878ed0b9,kestrel,special_n,ground,after_step,5,6,projectile,1,56.000,15.000,4.000,0,0
9cf312b0d76a11d9b79e6b4100f848d1878ed0b9,kestrel,special_n,ground,after_step,6,7,,0,,,,0,0
9cf312b0d76a11d9b79e6b4100f848d1878ed0b9,kestrel,special_n,ground,after_step,6,7,projectile,1,63.000,15.000,4.000,0,0
9cf312b0d76a11d9b79e6b4100f848d1878ed0b9,kestrel,special_n,ground,after_step,7,8,,0,,,,0,0
9cf312b0d76a11d9b79e6b4100f848d1878ed0b9,kestrel,special_n,ground,after_step,7,8,projectile,1,70.000,15.000,4.000,0,0
9cf312b0d76a11d9b79e6b4100f848d1878ed0b9,kestrel,special_n,ground,after_step,8,9,clean,0,,,,0,0
9cf312b0d76a11d9b79e6b4100f848d1878ed0b9,kestrel,special_n,ground,after_step,8,9,projectile,1,77.000,15.000,4.000,0,0
9cf312b0d76a11d9b79e6b4100f848d1878ed0b9,kestrel,special_n,ground,after_step,9,10,,0,,,,0,0
9cf312b0d76a11d9b79e6b4100f848d1878ed0b9,kestrel,special_n,ground,after_step,9,10,projectile,1,84.000,15.000,4.000,0,0
9cf312b0d76a11d9b79e6b4100f848d1878ed0b9,kestrel,special_n,ground,after_step,10,11,,0,,,,0,0
9cf312b0d76a11d9b79e6b4100f848d1878ed0b9,kestrel,special_n,ground,after_step,10,11,projectile,1,91.000,15.000,4.000,0,0
9cf312b0d76a11d9b79e6b4100f848d1878ed0b9,kestrel,special_n,ground,after_step,11,12,,0,,,,0,0
9cf312b0d76a11d9b79e6b4100f848d1878ed0b9,kestrel,special_n,ground,after_step,11,12,projectile,1,98.000,15.000,4.000,0,0
9cf312b0d76a11d9b79e6b4100f848d1878ed0b9,kestrel,special_n,ground,after_step,12,13,,0,,,,0,1
9cf312b0d76a11d9b79e6b4100f848d1878ed0b9,kestrel,special_n,ground,after_step,13,14,,0,,,,0,0
9cf312b0d76a11d9b79e6b4100f848d1878ed0b9,kestrel,special_n,ground,after_step,14,15,,0,,,,0,0
9cf312b0d76a11d9b79e6b4100f848d1878ed0b9,kestrel,special_n,ground,after_step,15,16,,0,,,,0,0
9cf312b0d76a11d9b79e6b4100f848d1878ed0b9,kestrel,special_n,ground,after_step,16,17,,0,,,,0,0
9cf312b0d76a11d9b79e6b4100f848d1878ed0b9,kestrel,special_n,ground,after_step,17,18,,0,,,,0,0
9cf312b0d76a11d9b79e6b4100f848d1878ed0b9,kestrel,special_n,ground,after_step,18,19,,0,,,,0,0
9cf312b0d76a11d9b79e6b4100f848d1878ed0b9,kestrel,special_n,ground,after_step,19,20,,0,,,,0,0
9cf312b0d76a11d9b79e6b4100f848d1878ed0b9,kestrel,special_n,ground,after_step,20,21,,0,,,,0,0
9cf312b0d76a11d9b79e6b4100f848d1878ed0b9,kestrel,special_n,ground,after_step,21,22,,0,,,,0,0
9cf312b0d76a11d9b79e6b4100f848d1878ed0b9,kestrel,special_n,ground,after_step,22,23,,0,,,,0,0
9cf312b0d76a11d9b79e6b4100f848d1878ed0b9,kestrel,special_n,ground,after_step,23,24,,0,,,,0,0
9cf312b0d76a11d9b79e6b4100f848d1878ed0b9,kestrel,special_n,ground,after_step,24,25,,0,,,,0,0
9cf312b0d76a11d9b79e6b4100f848d1878ed0b9,kestrel,special_n,ground,after_step,25,26,,0,,,,0,0
9cf312b0d76a11d9b79e6b4100f848d1878ed0b9,kestrel,special_n,ground,after_step,26,27,,0,,,,0,0
9cf312b0d76a11d9b79e6b4100f848d1878ed0b9,kestrel,special_n,ground,after_step,27,28,,0,,,,0,0
9cf312b0d76a11d9b79e6b4100f848d1878ed0b9,kestrel,special_n,ground,after_step,28,29,,0,,,,0,0
9cf312b0d76a11d9b79e6b4100f848d1878ed0b9,kestrel,special_n,ground,after_step,29,30,,0,,,,0,0
9cf312b0d76a11d9b79e6b4100f848d1878ed0b9,kestrel,special_n,ground,after_step,30,31,,0,,,,0,0
9cf312b0d76a11d9b79e6b4100f848d1878ed0b9,kestrel,special_n,ground,after_step,31,32,,0,,,,0,0
9cf312b0d76a11d9b79e6b4100f848d1878ed0b9,kestrel,special_n,ground,after_step,32,1,,0,,,,0,0
9cf312b0d76a11d9b79e6b4100f848d1878ed0b9,kestrel,special_up,ground,pre_step,0,8,,0,,,,0,0
9cf312b0d76a11d9b79e6b4100f848d1878ed0b9,kestrel,special_up,ground,after_step,0,1,,0,,,,0,0
9cf312b0d76a11d9b79e6b4100f848d1878ed0b9,kestrel,special_up,ground,after_step,1,2,,0,,,,0,0
9cf312b0d76a11d9b79e6b4100f848d1878ed0b9,kestrel,special_up,ground,after_step,2,3,,0,,,,0,0
9cf312b0d76a11d9b79e6b4100f848d1878ed0b9,kestrel,special_up,ground,after_step,3,4,,0,,,,0,0
9cf312b0d76a11d9b79e6b4100f848d1878ed0b9,kestrel,special_up,ground,after_step,4,5,,0,,,,0,0
9cf312b0d76a11d9b79e6b4100f848d1878ed0b9,kestrel,special_up,ground,after_step,5,6,clean,1,7.855,74.390,12.000,0,0
9cf312b0d76a11d9b79e6b4100f848d1878ed0b9,kestrel,special_up,ground,after_step,6,7,clean,1,8.340,80.205,12.000,0,0
9cf312b0d76a11d9b79e6b4100f848d1878ed0b9,kestrel,special_up,ground,after_step,7,8,clean,1,8.780,85.520,12.000,0,0
9cf312b0d76a11d9b79e6b4100f848d1878ed0b9,kestrel,special_up,ground,after_step,8,9,clean,1,9.175,90.335,12.000,0,0
9cf312b0d76a11d9b79e6b4100f848d1878ed0b9,kestrel,special_up,ground,after_step,9,10,clean,1,9.525,94.650,12.000,0,0
9cf312b0d76a11d9b79e6b4100f848d1878ed0b9,kestrel,special_up,ground,after_step,10,11,clean,1,9.830,98.465,12.000,0,0
9cf312b0d76a11d9b79e6b4100f848d1878ed0b9,kestrel,special_up,ground,after_step,11,12,clean,1,10.090,101.780,12.000,0,0
9cf312b0d76a11d9b79e6b4100f848d1878ed0b9,kestrel,special_up,ground,after_step,12,13,clean,1,10.305,104.595,12.000,0,0
9cf312b0d76a11d9b79e6b4100f848d1878ed0b9,kestrel,special_up,ground,after_step,13,14,,0,,,,0,0
9cf312b0d76a11d9b79e6b4100f848d1878ed0b9,kestrel,special_up,ground,after_step,14,15,,0,,,,0,0
9cf312b0d76a11d9b79e6b4100f848d1878ed0b9,kestrel,special_up,ground,after_step,15,16,,0,,,,0,0
9cf312b0d76a11d9b79e6b4100f848d1878ed0b9,kestrel,special_up,ground,after_step,16,17,,0,,,,0,0
9cf312b0d76a11d9b79e6b4100f848d1878ed0b9,kestrel,special_up,ground,after_step,17,18,,0,,,,0,0
9cf312b0d76a11d9b79e6b4100f848d1878ed0b9,kestrel,special_up,ground,after_step,18,19,,0,,,,0,0
9cf312b0d76a11d9b79e6b4100f848d1878ed0b9,kestrel,special_up,ground,after_step,19,20,,0,,,,0,0
9cf312b0d76a11d9b79e6b4100f848d1878ed0b9,kestrel,special_up,ground,after_step,20,21,,0,,,,0,0
9cf312b0d76a11d9b79e6b4100f848d1878ed0b9,kestrel,special_up,ground,after_step,21,22,,0,,,,0,0
9cf312b0d76a11d9b79e6b4100f848d1878ed0b9,kestrel,special_up,ground,after_step,22,23,,0,,,,0,0
9cf312b0d76a11d9b79e6b4100f848d1878ed0b9,kestrel,special_up,ground,after_step,23,24,,0,,,,0,0
9cf312b0d76a11d9b79e6b4100f848d1878ed0b9,kestrel,special_up,ground,after_step,24,25,,0,,,,0,0
9cf312b0d76a11d9b79e6b4100f848d1878ed0b9,kestrel,special_up,ground,after_step,25,26,,0,,,,0,0
9cf312b0d76a11d9b79e6b4100f848d1878ed0b9,kestrel,special_up,ground,after_step,26,27,,0,,,,0,0
9cf312b0d76a11d9b79e6b4100f848d1878ed0b9,kestrel,special_up,ground,after_step,27,28,,0,,,,0,0
9cf312b0d76a11d9b79e6b4100f848d1878ed0b9,kestrel,special_up,ground,after_step,28,29,,0,,,,0,0
9cf312b0d76a11d9b79e6b4100f848d1878ed0b9,kestrel,special_up,ground,after_step,29,30,,0,,,,0,0
9cf312b0d76a11d9b79e6b4100f848d1878ed0b9,kestrel,special_up,ground,after_step,30,31,,0,,,,0,0
9cf312b0d76a11d9b79e6b4100f848d1878ed0b9,kestrel,special_up,ground,after_step,31,32,,0,,,,0,0
9cf312b0d76a11d9b79e6b4100f848d1878ed0b9,kestrel,special_up,ground,after_step,32,33,,0,,,,0,0
9cf312b0d76a11d9b79e6b4100f848d1878ed0b9,kestrel,special_up,ground,after_step,33,34,,0,,,,0,0
9cf312b0d76a11d9b79e6b4100f848d1878ed0b9,kestrel,special_up,ground,after_step,34,35,,0,,,,0,0
9cf312b0d76a11d9b79e6b4100f848d1878ed0b9,kestrel,special_up,ground,after_step,35,36,,0,,,,0,0
9cf312b0d76a11d9b79e6b4100f848d1878ed0b9,kestrel,special_up,ground,after_step,36,37,,0,,,,0,0
9cf312b0d76a11d9b79e6b4100f848d1878ed0b9,kestrel,special_up,ground,after_step,37,1,,0,,,,0,0
9cf312b0d76a11d9b79e6b4100f848d1878ed0b9,kestrel,special_side,ground,pre_step,0,8,,0,,,,0,0
9cf312b0d76a11d9b79e6b4100f848d1878ed0b9,kestrel,special_side,ground,after_step,0,1,,0,,,,0,0
9cf312b0d76a11d9b79e6b4100f848d1878ed0b9,kestrel,special_side,ground,after_step,1,2,,0,,,,0,0
9cf312b0d76a11d9b79e6b4100f848d1878ed0b9,kestrel,special_side,ground,after_step,2,3,,0,,,,0,0
9cf312b0d76a11d9b79e6b4100f848d1878ed0b9,kestrel,special_side,ground,after_step,3,4,,0,,,,0,0
9cf312b0d76a11d9b79e6b4100f848d1878ed0b9,kestrel,special_side,ground,after_step,4,5,,0,,,,0,0
9cf312b0d76a11d9b79e6b4100f848d1878ed0b9,kestrel,special_side,ground,after_step,5,6,,0,,,,0,0
9cf312b0d76a11d9b79e6b4100f848d1878ed0b9,kestrel,special_side,ground,after_step,6,7,,0,,,,0,0
9cf312b0d76a11d9b79e6b4100f848d1878ed0b9,kestrel,special_side,ground,after_step,7,8,,0,,,,0,0
9cf312b0d76a11d9b79e6b4100f848d1878ed0b9,kestrel,special_side,ground,after_step,8,9,,0,,,,0,0
9cf312b0d76a11d9b79e6b4100f848d1878ed0b9,kestrel,special_side,ground,after_step,9,10,clean,1,63.520,19.000,10.000,0,0
9cf312b0d76a11d9b79e6b4100f848d1878ed0b9,kestrel,special_side,ground,after_step,10,11,clean,1,66.884,19.000,10.000,0,0
9cf312b0d76a11d9b79e6b4100f848d1878ed0b9,kestrel,special_side,ground,after_step,11,12,clean,1,70.032,19.000,10.000,0,0
9cf312b0d76a11d9b79e6b4100f848d1878ed0b9,kestrel,special_side,ground,after_step,12,13,clean,1,72.964,19.000,10.000,0,0
9cf312b0d76a11d9b79e6b4100f848d1878ed0b9,kestrel,special_side,ground,after_step,13,14,clean,1,75.680,19.000,10.000,0,0
9cf312b0d76a11d9b79e6b4100f848d1878ed0b9,kestrel,special_side,ground,after_step,14,15,clean,1,78.180,19.000,10.000,0,0
9cf312b0d76a11d9b79e6b4100f848d1878ed0b9,kestrel,special_side,ground,after_step,15,16,,0,,,,0,0
9cf312b0d76a11d9b79e6b4100f848d1878ed0b9,kestrel,special_side,ground,after_step,16,17,,0,,,,0,0
9cf312b0d76a11d9b79e6b4100f848d1878ed0b9,kestrel,special_side,ground,after_step,17,18,,0,,,,0,0
9cf312b0d76a11d9b79e6b4100f848d1878ed0b9,kestrel,special_side,ground,after_step,18,19,,0,,,,0,0
9cf312b0d76a11d9b79e6b4100f848d1878ed0b9,kestrel,special_side,ground,after_step,19,20,,0,,,,0,0
9cf312b0d76a11d9b79e6b4100f848d1878ed0b9,kestrel,special_side,ground,after_step,20,21,,0,,,,0,0
9cf312b0d76a11d9b79e6b4100f848d1878ed0b9,kestrel,special_side,ground,after_step,21,22,,0,,,,0,0
9cf312b0d76a11d9b79e6b4100f848d1878ed0b9,kestrel,special_side,ground,after_step,22,23,,0,,,,0,0
9cf312b0d76a11d9b79e6b4100f848d1878ed0b9,kestrel,special_side,ground,after_step,23,24,,0,,,,0,0
9cf312b0d76a11d9b79e6b4100f848d1878ed0b9,kestrel,special_side,ground,after_step,24,25,,0,,,,0,0
9cf312b0d76a11d9b79e6b4100f848d1878ed0b9,kestrel,special_side,ground,after_step,25,26,,0,,,,0,0
9cf312b0d76a11d9b79e6b4100f848d1878ed0b9,kestrel,special_side,ground,after_step,26,27,,0,,,,0,0
9cf312b0d76a11d9b79e6b4100f848d1878ed0b9,kestrel,special_side,ground,after_step,27,28,,0,,,,0,0
9cf312b0d76a11d9b79e6b4100f848d1878ed0b9,kestrel,special_side,ground,after_step,28,29,,0,,,,0,0
9cf312b0d76a11d9b79e6b4100f848d1878ed0b9,kestrel,special_side,ground,after_step,29,30,,0,,,,0,0
9cf312b0d76a11d9b79e6b4100f848d1878ed0b9,kestrel,special_side,ground,after_step,30,31,,0,,,,0,0
9cf312b0d76a11d9b79e6b4100f848d1878ed0b9,kestrel,special_side,ground,after_step,31,32,,0,,,,0,0
9cf312b0d76a11d9b79e6b4100f848d1878ed0b9,kestrel,special_side,ground,after_step,32,33,,0,,,,0,0
9cf312b0d76a11d9b79e6b4100f848d1878ed0b9,kestrel,special_side,ground,after_step,33,34,,0,,,,0,0
9cf312b0d76a11d9b79e6b4100f848d1878ed0b9,kestrel,special_side,ground,after_step,34,35,,0,,,,0,0
9cf312b0d76a11d9b79e6b4100f848d1878ed0b9,kestrel,special_side,ground,after_step,35,36,,0,,,,0,0
9cf312b0d76a11d9b79e6b4100f848d1878ed0b9,kestrel,special_side,ground,after_step,36,37,,0,,,,0,0
9cf312b0d76a11d9b79e6b4100f848d1878ed0b9,kestrel,special_side,ground,after_step,37,38,,0,,,,0,0
9cf312b0d76a11d9b79e6b4100f848d1878ed0b9,kestrel,special_side,ground,after_step,38,39,,0,,,,0,0
9cf312b0d76a11d9b79e6b4100f848d1878ed0b9,kestrel,special_side,ground,after_step,39,40,,0,,,,0,0
9cf312b0d76a11d9b79e6b4100f848d1878ed0b9,kestrel,special_side,ground,after_step,40,1,,0,,,,0,0
9cf312b0d76a11d9b79e6b4100f848d1878ed0b9,kestrel,special_down,ground,pre_step,0,8,,0,,,,0,0
9cf312b0d76a11d9b79e6b4100f848d1878ed0b9,kestrel,special_down,ground,after_step,0,1,clean,1,0.000,15.000,22.000,0,0
9cf312b0d76a11d9b79e6b4100f848d1878ed0b9,kestrel,special_down,ground,after_step,1,2,clean,1,0.000,15.000,22.000,0,0
9cf312b0d76a11d9b79e6b4100f848d1878ed0b9,kestrel,special_down,ground,after_step,2,3,,0,,,,0,0
9cf312b0d76a11d9b79e6b4100f848d1878ed0b9,kestrel,special_down,ground,after_step,3,4,,0,,,,0,0
9cf312b0d76a11d9b79e6b4100f848d1878ed0b9,kestrel,special_down,ground,after_step,4,5,,0,,,,0,0
9cf312b0d76a11d9b79e6b4100f848d1878ed0b9,kestrel,special_down,ground,after_step,5,6,,0,,,,0,0
9cf312b0d76a11d9b79e6b4100f848d1878ed0b9,kestrel,special_down,ground,after_step,6,7,,0,,,,0,0
9cf312b0d76a11d9b79e6b4100f848d1878ed0b9,kestrel,special_down,ground,after_step,7,8,,0,,,,0,0
9cf312b0d76a11d9b79e6b4100f848d1878ed0b9,kestrel,special_down,ground,after_step,8,9,,0,,,,0,0
9cf312b0d76a11d9b79e6b4100f848d1878ed0b9,kestrel,special_down,ground,after_step,9,10,,0,,,,0,0
9cf312b0d76a11d9b79e6b4100f848d1878ed0b9,kestrel,special_down,ground,after_step,10,11,,0,,,,0,0
9cf312b0d76a11d9b79e6b4100f848d1878ed0b9,kestrel,special_down,ground,after_step,11,12,,0,,,,0,0
9cf312b0d76a11d9b79e6b4100f848d1878ed0b9,kestrel,special_down,ground,after_step,12,13,,0,,,,0,0
9cf312b0d76a11d9b79e6b4100f848d1878ed0b9,kestrel,special_down,ground,after_step,13,14,,0,,,,0,0
9cf312b0d76a11d9b79e6b4100f848d1878ed0b9,kestrel,special_down,ground,after_step,14,15,,0,,,,0,0
9cf312b0d76a11d9b79e6b4100f848d1878ed0b9,kestrel,special_down,ground,after_step,15,16,,0,,,,0,0
9cf312b0d76a11d9b79e6b4100f848d1878ed0b9,kestrel,special_down,ground,after_step,16,17,,0,,,,0,0
9cf312b0d76a11d9b79e6b4100f848d1878ed0b9,kestrel,special_down,ground,after_step,17,18,,0,,,,0,0
9cf312b0d76a11d9b79e6b4100f848d1878ed0b9,kestrel,special_down,ground,after_step,18,19,,0,,,,0,0
9cf312b0d76a11d9b79e6b4100f848d1878ed0b9,kestrel,special_down,ground,after_step,19,20,,0,,,,0,0
9cf312b0d76a11d9b79e6b4100f848d1878ed0b9,kestrel,special_down,ground,after_step,20,21,,0,,,,0,0
9cf312b0d76a11d9b79e6b4100f848d1878ed0b9,kestrel,special_down,ground,after_step,21,22,,0,,,,0,0
9cf312b0d76a11d9b79e6b4100f848d1878ed0b9,kestrel,special_down,ground,after_step,22,23,,0,,,,0,0
9cf312b0d76a11d9b79e6b4100f848d1878ed0b9,kestrel,special_down,ground,after_step,23,24,,0,,,,0,0
9cf312b0d76a11d9b79e6b4100f848d1878ed0b9,kestrel,special_down,ground,after_step,24,25,,0,,,,0,0
9cf312b0d76a11d9b79e6b4100f848d1878ed0b9,kestrel,special_down,ground,after_step,25,26,,0,,,,0,0
9cf312b0d76a11d9b79e6b4100f848d1878ed0b9,kestrel,special_down,ground,after_step,26,27,,0,,,,0,0
9cf312b0d76a11d9b79e6b4100f848d1878ed0b9,kestrel,special_down,ground,after_step,27,28,,0,,,,0,0
9cf312b0d76a11d9b79e6b4100f848d1878ed0b9,kestrel,special_down,ground,after_step,28,29,,0,,,,0,0
9cf312b0d76a11d9b79e6b4100f848d1878ed0b9,kestrel,special_down,ground,after_step,29,30,,0,,,,0,0
9cf312b0d76a11d9b79e6b4100f848d1878ed0b9,kestrel,special_down,ground,after_step,30,31,,0,,,,0,0
9cf312b0d76a11d9b79e6b4100f848d1878ed0b9,kestrel,special_down,ground,after_step,31,1,,0,,,,0,0
9cf312b0d76a11d9b79e6b4100f848d1878ed0b9,kestrel,throw_f,from_grab,after_step,11,5,,0,,,,0,0
9cf312b0d76a11d9b79e6b4100f848d1878ed0b9,kestrel,throw_f,from_grab,after_step,12,1,,0,,,,0,0
9cf312b0d76a11d9b79e6b4100f848d1878ed0b9,kestrel,throw_f,from_grab,after_step,13,2,,0,,,,0,0
9cf312b0d76a11d9b79e6b4100f848d1878ed0b9,kestrel,throw_f,from_grab,after_step,14,3,,0,,,,0,0
9cf312b0d76a11d9b79e6b4100f848d1878ed0b9,kestrel,throw_f,from_grab,after_step,15,4,,0,,,,0,0
9cf312b0d76a11d9b79e6b4100f848d1878ed0b9,kestrel,throw_f,from_grab,after_step,16,5,,0,,,,0,0
9cf312b0d76a11d9b79e6b4100f848d1878ed0b9,kestrel,throw_f,from_grab,after_step,17,6,,0,,,,0,0
9cf312b0d76a11d9b79e6b4100f848d1878ed0b9,kestrel,throw_f,from_grab,after_step,18,7,,0,,,,0,0
9cf312b0d76a11d9b79e6b4100f848d1878ed0b9,kestrel,throw_f,from_grab,after_step,19,8,,0,,,,5,1
9cf312b0d76a11d9b79e6b4100f848d1878ed0b9,kestrel,throw_f,from_grab,after_step,20,8,,0,,,,4,0
9cf312b0d76a11d9b79e6b4100f848d1878ed0b9,kestrel,throw_f,from_grab,after_step,21,8,,0,,,,3,0
9cf312b0d76a11d9b79e6b4100f848d1878ed0b9,kestrel,throw_f,from_grab,after_step,22,8,,0,,,,2,0
9cf312b0d76a11d9b79e6b4100f848d1878ed0b9,kestrel,throw_f,from_grab,after_step,23,8,,0,,,,1,0
9cf312b0d76a11d9b79e6b4100f848d1878ed0b9,kestrel,throw_f,from_grab,after_step,24,8,,0,,,,0,0
9cf312b0d76a11d9b79e6b4100f848d1878ed0b9,kestrel,throw_f,from_grab,after_step,25,9,,0,,,,0,0
9cf312b0d76a11d9b79e6b4100f848d1878ed0b9,kestrel,throw_f,from_grab,after_step,26,10,,0,,,,0,0
9cf312b0d76a11d9b79e6b4100f848d1878ed0b9,kestrel,throw_f,from_grab,after_step,27,11,,0,,,,0,0
9cf312b0d76a11d9b79e6b4100f848d1878ed0b9,kestrel,throw_f,from_grab,after_step,28,12,,0,,,,0,0
9cf312b0d76a11d9b79e6b4100f848d1878ed0b9,kestrel,throw_f,from_grab,after_step,29,13,,0,,,,0,0
9cf312b0d76a11d9b79e6b4100f848d1878ed0b9,kestrel,throw_f,from_grab,after_step,30,14,,0,,,,0,0
9cf312b0d76a11d9b79e6b4100f848d1878ed0b9,kestrel,throw_f,from_grab,after_step,31,15,,0,,,,0,0
9cf312b0d76a11d9b79e6b4100f848d1878ed0b9,kestrel,throw_f,from_grab,after_step,32,16,,0,,,,0,0
9cf312b0d76a11d9b79e6b4100f848d1878ed0b9,kestrel,throw_f,from_grab,after_step,33,17,,0,,,,0,0
9cf312b0d76a11d9b79e6b4100f848d1878ed0b9,kestrel,throw_f,from_grab,after_step,34,18,,0,,,,0,0
9cf312b0d76a11d9b79e6b4100f848d1878ed0b9,kestrel,throw_f,from_grab,after_step,35,19,,0,,,,0,0
9cf312b0d76a11d9b79e6b4100f848d1878ed0b9,kestrel,throw_f,from_grab,after_step,36,20,,0,,,,0,0
9cf312b0d76a11d9b79e6b4100f848d1878ed0b9,kestrel,throw_f,from_grab,after_step,37,21,,0,,,,0,0
9cf312b0d76a11d9b79e6b4100f848d1878ed0b9,kestrel,throw_f,from_grab,after_step,38,22,,0,,,,0,0
9cf312b0d76a11d9b79e6b4100f848d1878ed0b9,kestrel,throw_f,from_grab,after_step,39,23,,0,,,,0,0
9cf312b0d76a11d9b79e6b4100f848d1878ed0b9,kestrel,throw_f,from_grab,after_step,40,24,,0,,,,0,0
9cf312b0d76a11d9b79e6b4100f848d1878ed0b9,kestrel,throw_f,from_grab,after_step,41,25,,0,,,,0,0
9cf312b0d76a11d9b79e6b4100f848d1878ed0b9,kestrel,throw_f,from_grab,after_step,42,26,,0,,,,0,0
9cf312b0d76a11d9b79e6b4100f848d1878ed0b9,kestrel,throw_f,from_grab,after_step,43,27,,0,,,,0,0
9cf312b0d76a11d9b79e6b4100f848d1878ed0b9,kestrel,throw_f,from_grab,after_step,44,28,,0,,,,0,0
9cf312b0d76a11d9b79e6b4100f848d1878ed0b9,kestrel,throw_f,from_grab,after_step,45,29,,0,,,,0,0
9cf312b0d76a11d9b79e6b4100f848d1878ed0b9,kestrel,throw_f,from_grab,after_step,46,1,,0,,,,0,0
9cf312b0d76a11d9b79e6b4100f848d1878ed0b9,kestrel,throw_b,from_grab,after_step,11,5,,0,,,,0,0
9cf312b0d76a11d9b79e6b4100f848d1878ed0b9,kestrel,throw_b,from_grab,after_step,12,1,,0,,,,0,0
9cf312b0d76a11d9b79e6b4100f848d1878ed0b9,kestrel,throw_b,from_grab,after_step,13,2,,0,,,,0,0
9cf312b0d76a11d9b79e6b4100f848d1878ed0b9,kestrel,throw_b,from_grab,after_step,14,3,,0,,,,0,0
9cf312b0d76a11d9b79e6b4100f848d1878ed0b9,kestrel,throw_b,from_grab,after_step,15,4,,0,,,,0,0
9cf312b0d76a11d9b79e6b4100f848d1878ed0b9,kestrel,throw_b,from_grab,after_step,16,5,,0,,,,0,0
9cf312b0d76a11d9b79e6b4100f848d1878ed0b9,kestrel,throw_b,from_grab,after_step,17,6,,0,,,,0,0
9cf312b0d76a11d9b79e6b4100f848d1878ed0b9,kestrel,throw_b,from_grab,after_step,18,7,,0,,,,0,0
9cf312b0d76a11d9b79e6b4100f848d1878ed0b9,kestrel,throw_b,from_grab,after_step,19,8,,0,,,,0,0
9cf312b0d76a11d9b79e6b4100f848d1878ed0b9,kestrel,throw_b,from_grab,after_step,20,9,,0,,,,0,0
9cf312b0d76a11d9b79e6b4100f848d1878ed0b9,kestrel,throw_b,from_grab,after_step,21,10,,0,,,,6,1
9cf312b0d76a11d9b79e6b4100f848d1878ed0b9,kestrel,throw_b,from_grab,after_step,22,10,,0,,,,5,0
9cf312b0d76a11d9b79e6b4100f848d1878ed0b9,kestrel,throw_b,from_grab,after_step,23,10,,0,,,,4,0
9cf312b0d76a11d9b79e6b4100f848d1878ed0b9,kestrel,throw_b,from_grab,after_step,24,10,,0,,,,3,0
9cf312b0d76a11d9b79e6b4100f848d1878ed0b9,kestrel,throw_b,from_grab,after_step,25,10,,0,,,,2,0
9cf312b0d76a11d9b79e6b4100f848d1878ed0b9,kestrel,throw_b,from_grab,after_step,26,10,,0,,,,1,0
9cf312b0d76a11d9b79e6b4100f848d1878ed0b9,kestrel,throw_b,from_grab,after_step,27,10,,0,,,,0,0
9cf312b0d76a11d9b79e6b4100f848d1878ed0b9,kestrel,throw_b,from_grab,after_step,28,11,,0,,,,0,0
9cf312b0d76a11d9b79e6b4100f848d1878ed0b9,kestrel,throw_b,from_grab,after_step,29,12,,0,,,,0,0
9cf312b0d76a11d9b79e6b4100f848d1878ed0b9,kestrel,throw_b,from_grab,after_step,30,13,,0,,,,0,0
9cf312b0d76a11d9b79e6b4100f848d1878ed0b9,kestrel,throw_b,from_grab,after_step,31,14,,0,,,,0,0
9cf312b0d76a11d9b79e6b4100f848d1878ed0b9,kestrel,throw_b,from_grab,after_step,32,15,,0,,,,0,0
9cf312b0d76a11d9b79e6b4100f848d1878ed0b9,kestrel,throw_b,from_grab,after_step,33,16,,0,,,,0,0
9cf312b0d76a11d9b79e6b4100f848d1878ed0b9,kestrel,throw_b,from_grab,after_step,34,17,,0,,,,0,0
9cf312b0d76a11d9b79e6b4100f848d1878ed0b9,kestrel,throw_b,from_grab,after_step,35,18,,0,,,,0,0
9cf312b0d76a11d9b79e6b4100f848d1878ed0b9,kestrel,throw_b,from_grab,after_step,36,19,,0,,,,0,0
9cf312b0d76a11d9b79e6b4100f848d1878ed0b9,kestrel,throw_b,from_grab,after_step,37,20,,0,,,,0,0
9cf312b0d76a11d9b79e6b4100f848d1878ed0b9,kestrel,throw_b,from_grab,after_step,38,21,,0,,,,0,0
9cf312b0d76a11d9b79e6b4100f848d1878ed0b9,kestrel,throw_b,from_grab,after_step,39,22,,0,,,,0,0
9cf312b0d76a11d9b79e6b4100f848d1878ed0b9,kestrel,throw_b,from_grab,after_step,40,23,,0,,,,0,0
9cf312b0d76a11d9b79e6b4100f848d1878ed0b9,kestrel,throw_b,from_grab,after_step,41,24,,0,,,,0,0
9cf312b0d76a11d9b79e6b4100f848d1878ed0b9,kestrel,throw_b,from_grab,after_step,42,25,,0,,,,0,0
9cf312b0d76a11d9b79e6b4100f848d1878ed0b9,kestrel,throw_b,from_grab,after_step,43,26,,0,,,,0,0
9cf312b0d76a11d9b79e6b4100f848d1878ed0b9,kestrel,throw_b,from_grab,after_step,44,27,,0,,,,0,0
9cf312b0d76a11d9b79e6b4100f848d1878ed0b9,kestrel,throw_b,from_grab,after_step,45,28,,0,,,,0,0
9cf312b0d76a11d9b79e6b4100f848d1878ed0b9,kestrel,throw_b,from_grab,after_step,46,29,,0,,,,0,0
9cf312b0d76a11d9b79e6b4100f848d1878ed0b9,kestrel,throw_b,from_grab,after_step,47,30,,0,,,,0,0
9cf312b0d76a11d9b79e6b4100f848d1878ed0b9,kestrel,throw_b,from_grab,after_step,48,31,,0,,,,0,0
9cf312b0d76a11d9b79e6b4100f848d1878ed0b9,kestrel,throw_b,from_grab,after_step,49,32,,0,,,,0,0
9cf312b0d76a11d9b79e6b4100f848d1878ed0b9,kestrel,throw_b,from_grab,after_step,50,33,,0,,,,0,0
9cf312b0d76a11d9b79e6b4100f848d1878ed0b9,kestrel,throw_b,from_grab,after_step,51,1,,0,,,,0,0
9cf312b0d76a11d9b79e6b4100f848d1878ed0b9,kestrel,throw_u,from_grab,after_step,11,5,,0,,,,0,0
9cf312b0d76a11d9b79e6b4100f848d1878ed0b9,kestrel,throw_u,from_grab,after_step,12,1,,0,,,,0,0
9cf312b0d76a11d9b79e6b4100f848d1878ed0b9,kestrel,throw_u,from_grab,after_step,13,2,,0,,,,0,0
9cf312b0d76a11d9b79e6b4100f848d1878ed0b9,kestrel,throw_u,from_grab,after_step,14,3,,0,,,,0,0
9cf312b0d76a11d9b79e6b4100f848d1878ed0b9,kestrel,throw_u,from_grab,after_step,15,4,,0,,,,0,0
9cf312b0d76a11d9b79e6b4100f848d1878ed0b9,kestrel,throw_u,from_grab,after_step,16,5,,0,,,,0,0
9cf312b0d76a11d9b79e6b4100f848d1878ed0b9,kestrel,throw_u,from_grab,after_step,17,6,,0,,,,0,0
9cf312b0d76a11d9b79e6b4100f848d1878ed0b9,kestrel,throw_u,from_grab,after_step,18,7,,0,,,,0,0
9cf312b0d76a11d9b79e6b4100f848d1878ed0b9,kestrel,throw_u,from_grab,after_step,19,8,,0,,,,5,1
9cf312b0d76a11d9b79e6b4100f848d1878ed0b9,kestrel,throw_u,from_grab,after_step,20,8,,0,,,,4,0
9cf312b0d76a11d9b79e6b4100f848d1878ed0b9,kestrel,throw_u,from_grab,after_step,21,8,,0,,,,3,0
9cf312b0d76a11d9b79e6b4100f848d1878ed0b9,kestrel,throw_u,from_grab,after_step,22,8,,0,,,,2,0
9cf312b0d76a11d9b79e6b4100f848d1878ed0b9,kestrel,throw_u,from_grab,after_step,23,8,,0,,,,1,0
9cf312b0d76a11d9b79e6b4100f848d1878ed0b9,kestrel,throw_u,from_grab,after_step,24,8,,0,,,,0,0
9cf312b0d76a11d9b79e6b4100f848d1878ed0b9,kestrel,throw_u,from_grab,after_step,25,9,,0,,,,0,0
9cf312b0d76a11d9b79e6b4100f848d1878ed0b9,kestrel,throw_u,from_grab,after_step,26,10,,0,,,,0,0
9cf312b0d76a11d9b79e6b4100f848d1878ed0b9,kestrel,throw_u,from_grab,after_step,27,11,,0,,,,0,0
9cf312b0d76a11d9b79e6b4100f848d1878ed0b9,kestrel,throw_u,from_grab,after_step,28,12,,0,,,,0,0
9cf312b0d76a11d9b79e6b4100f848d1878ed0b9,kestrel,throw_u,from_grab,after_step,29,13,,0,,,,0,0
9cf312b0d76a11d9b79e6b4100f848d1878ed0b9,kestrel,throw_u,from_grab,after_step,30,14,,0,,,,0,0
9cf312b0d76a11d9b79e6b4100f848d1878ed0b9,kestrel,throw_u,from_grab,after_step,31,15,,0,,,,0,0
9cf312b0d76a11d9b79e6b4100f848d1878ed0b9,kestrel,throw_u,from_grab,after_step,32,16,,0,,,,0,0
9cf312b0d76a11d9b79e6b4100f848d1878ed0b9,kestrel,throw_u,from_grab,after_step,33,17,,0,,,,0,0
9cf312b0d76a11d9b79e6b4100f848d1878ed0b9,kestrel,throw_u,from_grab,after_step,34,18,,0,,,,0,0
9cf312b0d76a11d9b79e6b4100f848d1878ed0b9,kestrel,throw_u,from_grab,after_step,35,19,,0,,,,0,0
9cf312b0d76a11d9b79e6b4100f848d1878ed0b9,kestrel,throw_u,from_grab,after_step,36,20,,0,,,,0,0
9cf312b0d76a11d9b79e6b4100f848d1878ed0b9,kestrel,throw_u,from_grab,after_step,37,21,,0,,,,0,0
9cf312b0d76a11d9b79e6b4100f848d1878ed0b9,kestrel,throw_u,from_grab,after_step,38,22,,0,,,,0,0
9cf312b0d76a11d9b79e6b4100f848d1878ed0b9,kestrel,throw_u,from_grab,after_step,39,23,,0,,,,0,0
9cf312b0d76a11d9b79e6b4100f848d1878ed0b9,kestrel,throw_u,from_grab,after_step,40,24,,0,,,,0,0
9cf312b0d76a11d9b79e6b4100f848d1878ed0b9,kestrel,throw_u,from_grab,after_step,41,25,,0,,,,0,0
9cf312b0d76a11d9b79e6b4100f848d1878ed0b9,kestrel,throw_u,from_grab,after_step,42,26,,0,,,,0,0
9cf312b0d76a11d9b79e6b4100f848d1878ed0b9,kestrel,throw_u,from_grab,after_step,43,27,,0,,,,0,0
9cf312b0d76a11d9b79e6b4100f848d1878ed0b9,kestrel,throw_u,from_grab,after_step,44,28,,0,,,,0,0
9cf312b0d76a11d9b79e6b4100f848d1878ed0b9,kestrel,throw_u,from_grab,after_step,45,29,,0,,,,0,0
9cf312b0d76a11d9b79e6b4100f848d1878ed0b9,kestrel,throw_u,from_grab,after_step,46,1,,0,,,,0,0
9cf312b0d76a11d9b79e6b4100f848d1878ed0b9,kestrel,throw_d,from_grab,after_step,11,5,,0,,,,0,0
9cf312b0d76a11d9b79e6b4100f848d1878ed0b9,kestrel,throw_d,from_grab,after_step,12,1,,0,,,,0,0
9cf312b0d76a11d9b79e6b4100f848d1878ed0b9,kestrel,throw_d,from_grab,after_step,13,2,,0,,,,0,0
9cf312b0d76a11d9b79e6b4100f848d1878ed0b9,kestrel,throw_d,from_grab,after_step,14,3,,0,,,,0,0
9cf312b0d76a11d9b79e6b4100f848d1878ed0b9,kestrel,throw_d,from_grab,after_step,15,4,,0,,,,0,0
9cf312b0d76a11d9b79e6b4100f848d1878ed0b9,kestrel,throw_d,from_grab,after_step,16,5,,0,,,,0,0
9cf312b0d76a11d9b79e6b4100f848d1878ed0b9,kestrel,throw_d,from_grab,after_step,17,6,,0,,,,0,0
9cf312b0d76a11d9b79e6b4100f848d1878ed0b9,kestrel,throw_d,from_grab,after_step,18,7,,0,,,,0,0
9cf312b0d76a11d9b79e6b4100f848d1878ed0b9,kestrel,throw_d,from_grab,after_step,19,8,,0,,,,0,0
9cf312b0d76a11d9b79e6b4100f848d1878ed0b9,kestrel,throw_d,from_grab,after_step,20,9,,0,,,,5,1
9cf312b0d76a11d9b79e6b4100f848d1878ed0b9,kestrel,throw_d,from_grab,after_step,21,9,,0,,,,4,0
9cf312b0d76a11d9b79e6b4100f848d1878ed0b9,kestrel,throw_d,from_grab,after_step,22,9,,0,,,,3,0
9cf312b0d76a11d9b79e6b4100f848d1878ed0b9,kestrel,throw_d,from_grab,after_step,23,9,,0,,,,2,0
9cf312b0d76a11d9b79e6b4100f848d1878ed0b9,kestrel,throw_d,from_grab,after_step,24,9,,0,,,,1,0
9cf312b0d76a11d9b79e6b4100f848d1878ed0b9,kestrel,throw_d,from_grab,after_step,25,9,,0,,,,0,0
9cf312b0d76a11d9b79e6b4100f848d1878ed0b9,kestrel,throw_d,from_grab,after_step,26,10,,0,,,,0,0
9cf312b0d76a11d9b79e6b4100f848d1878ed0b9,kestrel,throw_d,from_grab,after_step,27,11,,0,,,,0,0
9cf312b0d76a11d9b79e6b4100f848d1878ed0b9,kestrel,throw_d,from_grab,after_step,28,12,,0,,,,0,0
9cf312b0d76a11d9b79e6b4100f848d1878ed0b9,kestrel,throw_d,from_grab,after_step,29,13,,0,,,,0,0
9cf312b0d76a11d9b79e6b4100f848d1878ed0b9,kestrel,throw_d,from_grab,after_step,30,14,,0,,,,0,0
9cf312b0d76a11d9b79e6b4100f848d1878ed0b9,kestrel,throw_d,from_grab,after_step,31,15,,0,,,,0,0
9cf312b0d76a11d9b79e6b4100f848d1878ed0b9,kestrel,throw_d,from_grab,after_step,32,16,,0,,,,0,0
9cf312b0d76a11d9b79e6b4100f848d1878ed0b9,kestrel,throw_d,from_grab,after_step,33,17,,0,,,,0,0
9cf312b0d76a11d9b79e6b4100f848d1878ed0b9,kestrel,throw_d,from_grab,after_step,34,18,,0,,,,0,0
9cf312b0d76a11d9b79e6b4100f848d1878ed0b9,kestrel,throw_d,from_grab,after_step,35,19,,0,,,,0,0
9cf312b0d76a11d9b79e6b4100f848d1878ed0b9,kestrel,throw_d,from_grab,after_step,36,20,,0,,,,0,0
9cf312b0d76a11d9b79e6b4100f848d1878ed0b9,kestrel,throw_d,from_grab,after_step,37,21,,0,,,,0,0
9cf312b0d76a11d9b79e6b4100f848d1878ed0b9,kestrel,throw_d,from_grab,after_step,38,22,,0,,,,0,0
9cf312b0d76a11d9b79e6b4100f848d1878ed0b9,kestrel,throw_d,from_grab,after_step,39,23,,0,,,,0,0
9cf312b0d76a11d9b79e6b4100f848d1878ed0b9,kestrel,throw_d,from_grab,after_step,40,24,,0,,,,0,0
9cf312b0d76a11d9b79e6b4100f848d1878ed0b9,kestrel,throw_d,from_grab,after_step,41,25,,0,,,,0,0
9cf312b0d76a11d9b79e6b4100f848d1878ed0b9,kestrel,throw_d,from_grab,after_step,42,26,,0,,,,0,0
9cf312b0d76a11d9b79e6b4100f848d1878ed0b9,kestrel,throw_d,from_grab,after_step,43,27,,0,,,,0,0
9cf312b0d76a11d9b79e6b4100f848d1878ed0b9,kestrel,throw_d,from_grab,after_step,44,28,,0,,,,0,0
9cf312b0d76a11d9b79e6b4100f848d1878ed0b9,kestrel,throw_d,from_grab,after_step,45,29,,0,,,,0,0
9cf312b0d76a11d9b79e6b4100f848d1878ed0b9,kestrel,throw_d,from_grab,after_step,46,30,,0,,,,0,0
9cf312b0d76a11d9b79e6b4100f848d1878ed0b9,kestrel,throw_d,from_grab,after_step,47,31,,0,,,,0,0
9cf312b0d76a11d9b79e6b4100f848d1878ed0b9,kestrel,throw_d,from_grab,after_step,48,32,,0,,,,0,0
9cf312b0d76a11d9b79e6b4100f848d1878ed0b9,kestrel,throw_d,from_grab,after_step,49,1,,0,,,,0,0
9cf312b0d76a11d9b79e6b4100f848d1878ed0b9,boulder,jab,ground,pre_step,0,8,,0,,,,0,0
9cf312b0d76a11d9b79e6b4100f848d1878ed0b9,boulder,jab,ground,after_step,0,1,,0,,,,0,0
9cf312b0d76a11d9b79e6b4100f848d1878ed0b9,boulder,jab,ground,after_step,1,2,,0,,,,0,0
9cf312b0d76a11d9b79e6b4100f848d1878ed0b9,boulder,jab,ground,after_step,2,3,,0,,,,0,0
9cf312b0d76a11d9b79e6b4100f848d1878ed0b9,boulder,jab,ground,after_step,3,4,clean,1,15.000,25.000,9.500,0,0
9cf312b0d76a11d9b79e6b4100f848d1878ed0b9,boulder,jab,ground,after_step,4,5,clean,1,15.000,25.000,9.500,0,0
9cf312b0d76a11d9b79e6b4100f848d1878ed0b9,boulder,jab,ground,after_step,5,6,,0,,,,0,0
9cf312b0d76a11d9b79e6b4100f848d1878ed0b9,boulder,jab,ground,after_step,6,7,,0,,,,0,0
9cf312b0d76a11d9b79e6b4100f848d1878ed0b9,boulder,jab,ground,after_step,7,8,,0,,,,0,0
9cf312b0d76a11d9b79e6b4100f848d1878ed0b9,boulder,jab,ground,after_step,8,9,,0,,,,0,0
9cf312b0d76a11d9b79e6b4100f848d1878ed0b9,boulder,jab,ground,after_step,9,10,,0,,,,0,0
9cf312b0d76a11d9b79e6b4100f848d1878ed0b9,boulder,jab,ground,after_step,10,11,,0,,,,0,0
9cf312b0d76a11d9b79e6b4100f848d1878ed0b9,boulder,jab,ground,after_step,11,12,,0,,,,0,0
9cf312b0d76a11d9b79e6b4100f848d1878ed0b9,boulder,jab,ground,after_step,12,13,,0,,,,0,0
9cf312b0d76a11d9b79e6b4100f848d1878ed0b9,boulder,jab,ground,after_step,13,14,,0,,,,0,0
9cf312b0d76a11d9b79e6b4100f848d1878ed0b9,boulder,jab,ground,after_step,14,15,,0,,,,0,0
9cf312b0d76a11d9b79e6b4100f848d1878ed0b9,boulder,jab,ground,after_step,15,16,,0,,,,0,0
9cf312b0d76a11d9b79e6b4100f848d1878ed0b9,boulder,jab,ground,after_step,16,17,,0,,,,0,0
9cf312b0d76a11d9b79e6b4100f848d1878ed0b9,boulder,jab,ground,after_step,17,18,,0,,,,0,0
9cf312b0d76a11d9b79e6b4100f848d1878ed0b9,boulder,jab,ground,after_step,18,19,,0,,,,0,0
9cf312b0d76a11d9b79e6b4100f848d1878ed0b9,boulder,jab,ground,after_step,19,20,,0,,,,0,0
9cf312b0d76a11d9b79e6b4100f848d1878ed0b9,boulder,jab,ground,after_step,20,21,,0,,,,0,0
9cf312b0d76a11d9b79e6b4100f848d1878ed0b9,boulder,jab,ground,after_step,21,22,,0,,,,0,0
9cf312b0d76a11d9b79e6b4100f848d1878ed0b9,boulder,jab,ground,after_step,22,1,,0,,,,0,0
9cf312b0d76a11d9b79e6b4100f848d1878ed0b9,boulder,jab2,after_jab1_hit,after_step,7,4,,0,,,,0,0
9cf312b0d76a11d9b79e6b4100f848d1878ed0b9,boulder,jab2,after_jab1_hit,after_step,8,0,,0,,,,0,0
9cf312b0d76a11d9b79e6b4100f848d1878ed0b9,boulder,jab2,after_jab1_hit,after_step,9,1,,0,,,,0,0
9cf312b0d76a11d9b79e6b4100f848d1878ed0b9,boulder,jab2,after_jab1_hit,after_step,10,2,,0,,,,0,0
9cf312b0d76a11d9b79e6b4100f848d1878ed0b9,boulder,jab2,after_jab1_hit,after_step,11,3,,0,,,,0,0
9cf312b0d76a11d9b79e6b4100f848d1878ed0b9,boulder,jab2,after_jab1_hit,after_step,12,4,clean,1,17.000,26.000,10.000,5,1
9cf312b0d76a11d9b79e6b4100f848d1878ed0b9,boulder,jab2,after_jab1_hit,after_step,13,4,clean,1,17.000,26.000,10.000,4,0
9cf312b0d76a11d9b79e6b4100f848d1878ed0b9,boulder,jab2,after_jab1_hit,after_step,14,4,clean,1,17.000,26.000,10.000,3,0
9cf312b0d76a11d9b79e6b4100f848d1878ed0b9,boulder,jab2,after_jab1_hit,after_step,15,4,clean,1,17.000,26.000,10.000,2,0
9cf312b0d76a11d9b79e6b4100f848d1878ed0b9,boulder,jab2,after_jab1_hit,after_step,16,4,clean,1,17.000,26.000,10.000,1,0
9cf312b0d76a11d9b79e6b4100f848d1878ed0b9,boulder,jab2,after_jab1_hit,after_step,17,4,clean,1,17.000,26.000,10.000,0,0
9cf312b0d76a11d9b79e6b4100f848d1878ed0b9,boulder,jab2,after_jab1_hit,after_step,18,5,clean,1,17.000,26.000,10.000,0,0
9cf312b0d76a11d9b79e6b4100f848d1878ed0b9,boulder,jab2,after_jab1_hit,after_step,19,6,clean,1,17.000,26.000,10.000,0,0
9cf312b0d76a11d9b79e6b4100f848d1878ed0b9,boulder,jab2,after_jab1_hit,after_step,20,7,,0,,,,0,0
9cf312b0d76a11d9b79e6b4100f848d1878ed0b9,boulder,jab2,after_jab1_hit,after_step,21,8,,0,,,,0,0
9cf312b0d76a11d9b79e6b4100f848d1878ed0b9,boulder,jab2,after_jab1_hit,after_step,22,9,,0,,,,0,0
9cf312b0d76a11d9b79e6b4100f848d1878ed0b9,boulder,jab2,after_jab1_hit,after_step,23,10,,0,,,,0,0
9cf312b0d76a11d9b79e6b4100f848d1878ed0b9,boulder,jab2,after_jab1_hit,after_step,24,11,,0,,,,0,0
9cf312b0d76a11d9b79e6b4100f848d1878ed0b9,boulder,jab2,after_jab1_hit,after_step,25,12,,0,,,,0,0
9cf312b0d76a11d9b79e6b4100f848d1878ed0b9,boulder,jab2,after_jab1_hit,after_step,26,13,,0,,,,0,0
9cf312b0d76a11d9b79e6b4100f848d1878ed0b9,boulder,jab2,after_jab1_hit,after_step,27,14,,0,,,,0,0
9cf312b0d76a11d9b79e6b4100f848d1878ed0b9,boulder,jab2,after_jab1_hit,after_step,28,15,,0,,,,0,0
9cf312b0d76a11d9b79e6b4100f848d1878ed0b9,boulder,jab2,after_jab1_hit,after_step,29,16,,0,,,,0,0
9cf312b0d76a11d9b79e6b4100f848d1878ed0b9,boulder,jab2,after_jab1_hit,after_step,30,17,,0,,,,0,0
9cf312b0d76a11d9b79e6b4100f848d1878ed0b9,boulder,jab2,after_jab1_hit,after_step,31,18,,0,,,,0,0
9cf312b0d76a11d9b79e6b4100f848d1878ed0b9,boulder,jab2,after_jab1_hit,after_step,32,19,,0,,,,0,0
9cf312b0d76a11d9b79e6b4100f848d1878ed0b9,boulder,jab2,after_jab1_hit,after_step,33,20,,0,,,,0,0
9cf312b0d76a11d9b79e6b4100f848d1878ed0b9,boulder,jab2,after_jab1_hit,after_step,34,21,,0,,,,0,0
9cf312b0d76a11d9b79e6b4100f848d1878ed0b9,boulder,jab2,after_jab1_hit,after_step,35,22,,0,,,,0,0
9cf312b0d76a11d9b79e6b4100f848d1878ed0b9,boulder,jab2,after_jab1_hit,after_step,36,23,,0,,,,0,0
9cf312b0d76a11d9b79e6b4100f848d1878ed0b9,boulder,jab2,after_jab1_hit,after_step,37,24,,0,,,,0,0
9cf312b0d76a11d9b79e6b4100f848d1878ed0b9,boulder,jab2,after_jab1_hit,after_step,38,25,,0,,,,0,0
9cf312b0d76a11d9b79e6b4100f848d1878ed0b9,boulder,jab2,after_jab1_hit,after_step,39,26,,0,,,,0,0
9cf312b0d76a11d9b79e6b4100f848d1878ed0b9,boulder,jab2,after_jab1_hit,after_step,40,27,,0,,,,0,0
9cf312b0d76a11d9b79e6b4100f848d1878ed0b9,boulder,jab2,after_jab1_hit,after_step,41,28,,0,,,,0,0
9cf312b0d76a11d9b79e6b4100f848d1878ed0b9,boulder,jab2,after_jab1_hit,after_step,42,29,,0,,,,0,0
9cf312b0d76a11d9b79e6b4100f848d1878ed0b9,boulder,jab2,after_jab1_hit,after_step,43,1,,0,,,,0,0
9cf312b0d76a11d9b79e6b4100f848d1878ed0b9,boulder,ftilt,ground,pre_step,0,8,,0,,,,0,0
9cf312b0d76a11d9b79e6b4100f848d1878ed0b9,boulder,ftilt,ground,after_step,0,1,,0,,,,0,0
9cf312b0d76a11d9b79e6b4100f848d1878ed0b9,boulder,ftilt,ground,after_step,1,2,,0,,,,0,0
9cf312b0d76a11d9b79e6b4100f848d1878ed0b9,boulder,ftilt,ground,after_step,2,3,,0,,,,0,0
9cf312b0d76a11d9b79e6b4100f848d1878ed0b9,boulder,ftilt,ground,after_step,3,4,,0,,,,0,0
9cf312b0d76a11d9b79e6b4100f848d1878ed0b9,boulder,ftilt,ground,after_step,4,5,,0,,,,0,0
9cf312b0d76a11d9b79e6b4100f848d1878ed0b9,boulder,ftilt,ground,after_step,5,6,,0,,,,0,0
9cf312b0d76a11d9b79e6b4100f848d1878ed0b9,boulder,ftilt,ground,after_step,6,7,,0,,,,0,0
9cf312b0d76a11d9b79e6b4100f848d1878ed0b9,boulder,ftilt,ground,after_step,7,8,clean,1,21.000,23.000,11.500,0,0
9cf312b0d76a11d9b79e6b4100f848d1878ed0b9,boulder,ftilt,ground,after_step,8,9,clean,1,21.000,23.000,11.500,0,0
9cf312b0d76a11d9b79e6b4100f848d1878ed0b9,boulder,ftilt,ground,after_step,9,10,clean,1,21.000,23.000,11.500,0,0
9cf312b0d76a11d9b79e6b4100f848d1878ed0b9,boulder,ftilt,ground,after_step,10,11,clean,1,21.000,23.000,11.500,0,0
9cf312b0d76a11d9b79e6b4100f848d1878ed0b9,boulder,ftilt,ground,after_step,11,12,,0,,,,0,0
9cf312b0d76a11d9b79e6b4100f848d1878ed0b9,boulder,ftilt,ground,after_step,12,13,,0,,,,0,0
9cf312b0d76a11d9b79e6b4100f848d1878ed0b9,boulder,ftilt,ground,after_step,13,14,,0,,,,0,0
9cf312b0d76a11d9b79e6b4100f848d1878ed0b9,boulder,ftilt,ground,after_step,14,15,,0,,,,0,0
9cf312b0d76a11d9b79e6b4100f848d1878ed0b9,boulder,ftilt,ground,after_step,15,16,,0,,,,0,0
9cf312b0d76a11d9b79e6b4100f848d1878ed0b9,boulder,ftilt,ground,after_step,16,17,,0,,,,0,0
9cf312b0d76a11d9b79e6b4100f848d1878ed0b9,boulder,ftilt,ground,after_step,17,18,,0,,,,0,0
9cf312b0d76a11d9b79e6b4100f848d1878ed0b9,boulder,ftilt,ground,after_step,18,19,,0,,,,0,0
9cf312b0d76a11d9b79e6b4100f848d1878ed0b9,boulder,ftilt,ground,after_step,19,20,,0,,,,0,0
9cf312b0d76a11d9b79e6b4100f848d1878ed0b9,boulder,ftilt,ground,after_step,20,21,,0,,,,0,0
9cf312b0d76a11d9b79e6b4100f848d1878ed0b9,boulder,ftilt,ground,after_step,21,22,,0,,,,0,0
9cf312b0d76a11d9b79e6b4100f848d1878ed0b9,boulder,ftilt,ground,after_step,22,23,,0,,,,0,0
9cf312b0d76a11d9b79e6b4100f848d1878ed0b9,boulder,ftilt,ground,after_step,23,24,,0,,,,0,0
9cf312b0d76a11d9b79e6b4100f848d1878ed0b9,boulder,ftilt,ground,after_step,24,25,,0,,,,0,0
9cf312b0d76a11d9b79e6b4100f848d1878ed0b9,boulder,ftilt,ground,after_step,25,26,,0,,,,0,0
9cf312b0d76a11d9b79e6b4100f848d1878ed0b9,boulder,ftilt,ground,after_step,26,27,,0,,,,0,0
9cf312b0d76a11d9b79e6b4100f848d1878ed0b9,boulder,ftilt,ground,after_step,27,28,,0,,,,0,0
9cf312b0d76a11d9b79e6b4100f848d1878ed0b9,boulder,ftilt,ground,after_step,28,29,,0,,,,0,0
9cf312b0d76a11d9b79e6b4100f848d1878ed0b9,boulder,ftilt,ground,after_step,29,30,,0,,,,0,0
9cf312b0d76a11d9b79e6b4100f848d1878ed0b9,boulder,ftilt,ground,after_step,30,31,,0,,,,0,0
9cf312b0d76a11d9b79e6b4100f848d1878ed0b9,boulder,ftilt,ground,after_step,31,32,,0,,,,0,0
9cf312b0d76a11d9b79e6b4100f848d1878ed0b9,boulder,ftilt,ground,after_step,32,33,,0,,,,0,0
9cf312b0d76a11d9b79e6b4100f848d1878ed0b9,boulder,ftilt,ground,after_step,33,34,,0,,,,0,0
9cf312b0d76a11d9b79e6b4100f848d1878ed0b9,boulder,ftilt,ground,after_step,34,35,,0,,,,0,0
9cf312b0d76a11d9b79e6b4100f848d1878ed0b9,boulder,ftilt,ground,after_step,35,36,,0,,,,0,0
9cf312b0d76a11d9b79e6b4100f848d1878ed0b9,boulder,ftilt,ground,after_step,36,1,,0,,,,0,0
9cf312b0d76a11d9b79e6b4100f848d1878ed0b9,boulder,utilt,ground,pre_step,0,8,,0,,,,0,0
9cf312b0d76a11d9b79e6b4100f848d1878ed0b9,boulder,utilt,ground,after_step,0,1,,0,,,,0,0
9cf312b0d76a11d9b79e6b4100f848d1878ed0b9,boulder,utilt,ground,after_step,1,2,,0,,,,0,0
9cf312b0d76a11d9b79e6b4100f848d1878ed0b9,boulder,utilt,ground,after_step,2,3,,0,,,,0,0
9cf312b0d76a11d9b79e6b4100f848d1878ed0b9,boulder,utilt,ground,after_step,3,4,,0,,,,0,0
9cf312b0d76a11d9b79e6b4100f848d1878ed0b9,boulder,utilt,ground,after_step,4,5,,0,,,,0,0
9cf312b0d76a11d9b79e6b4100f848d1878ed0b9,boulder,utilt,ground,after_step,5,6,,0,,,,0,0
9cf312b0d76a11d9b79e6b4100f848d1878ed0b9,boulder,utilt,ground,after_step,6,7,,0,,,,0,0
9cf312b0d76a11d9b79e6b4100f848d1878ed0b9,boulder,utilt,ground,after_step,7,8,clean,1,4.000,40.000,12.500,0,0
9cf312b0d76a11d9b79e6b4100f848d1878ed0b9,boulder,utilt,ground,after_step,8,9,clean,1,4.000,40.000,12.500,0,0
9cf312b0d76a11d9b79e6b4100f848d1878ed0b9,boulder,utilt,ground,after_step,9,10,clean,1,4.000,40.000,12.500,0,0
9cf312b0d76a11d9b79e6b4100f848d1878ed0b9,boulder,utilt,ground,after_step,10,11,clean,1,4.000,40.000,12.500,0,0
9cf312b0d76a11d9b79e6b4100f848d1878ed0b9,boulder,utilt,ground,after_step,11,12,clean,1,4.000,40.000,12.500,0,0
9cf312b0d76a11d9b79e6b4100f848d1878ed0b9,boulder,utilt,ground,after_step,12,13,,0,,,,0,0
9cf312b0d76a11d9b79e6b4100f848d1878ed0b9,boulder,utilt,ground,after_step,13,14,,0,,,,0,0
9cf312b0d76a11d9b79e6b4100f848d1878ed0b9,boulder,utilt,ground,after_step,14,15,,0,,,,0,0
9cf312b0d76a11d9b79e6b4100f848d1878ed0b9,boulder,utilt,ground,after_step,15,16,,0,,,,0,0
9cf312b0d76a11d9b79e6b4100f848d1878ed0b9,boulder,utilt,ground,after_step,16,17,,0,,,,0,0
9cf312b0d76a11d9b79e6b4100f848d1878ed0b9,boulder,utilt,ground,after_step,17,18,,0,,,,0,0
9cf312b0d76a11d9b79e6b4100f848d1878ed0b9,boulder,utilt,ground,after_step,18,19,,0,,,,0,0
9cf312b0d76a11d9b79e6b4100f848d1878ed0b9,boulder,utilt,ground,after_step,19,20,,0,,,,0,0
9cf312b0d76a11d9b79e6b4100f848d1878ed0b9,boulder,utilt,ground,after_step,20,21,,0,,,,0,0
9cf312b0d76a11d9b79e6b4100f848d1878ed0b9,boulder,utilt,ground,after_step,21,22,,0,,,,0,0
9cf312b0d76a11d9b79e6b4100f848d1878ed0b9,boulder,utilt,ground,after_step,22,23,,0,,,,0,0
9cf312b0d76a11d9b79e6b4100f848d1878ed0b9,boulder,utilt,ground,after_step,23,24,,0,,,,0,0
9cf312b0d76a11d9b79e6b4100f848d1878ed0b9,boulder,utilt,ground,after_step,24,25,,0,,,,0,0
9cf312b0d76a11d9b79e6b4100f848d1878ed0b9,boulder,utilt,ground,after_step,25,26,,0,,,,0,0
9cf312b0d76a11d9b79e6b4100f848d1878ed0b9,boulder,utilt,ground,after_step,26,27,,0,,,,0,0
9cf312b0d76a11d9b79e6b4100f848d1878ed0b9,boulder,utilt,ground,after_step,27,28,,0,,,,0,0
9cf312b0d76a11d9b79e6b4100f848d1878ed0b9,boulder,utilt,ground,after_step,28,29,,0,,,,0,0
9cf312b0d76a11d9b79e6b4100f848d1878ed0b9,boulder,utilt,ground,after_step,29,30,,0,,,,0,0
9cf312b0d76a11d9b79e6b4100f848d1878ed0b9,boulder,utilt,ground,after_step,30,31,,0,,,,0,0
9cf312b0d76a11d9b79e6b4100f848d1878ed0b9,boulder,utilt,ground,after_step,31,32,,0,,,,0,0
9cf312b0d76a11d9b79e6b4100f848d1878ed0b9,boulder,utilt,ground,after_step,32,33,,0,,,,0,0
9cf312b0d76a11d9b79e6b4100f848d1878ed0b9,boulder,utilt,ground,after_step,33,34,,0,,,,0,0
9cf312b0d76a11d9b79e6b4100f848d1878ed0b9,boulder,utilt,ground,after_step,34,35,,0,,,,0,0
9cf312b0d76a11d9b79e6b4100f848d1878ed0b9,boulder,utilt,ground,after_step,35,1,,0,,,,0,0
9cf312b0d76a11d9b79e6b4100f848d1878ed0b9,boulder,dtilt,ground,pre_step,0,8,,0,,,,0,0
9cf312b0d76a11d9b79e6b4100f848d1878ed0b9,boulder,dtilt,ground,after_step,0,1,,0,,,,0,0
9cf312b0d76a11d9b79e6b4100f848d1878ed0b9,boulder,dtilt,ground,after_step,1,2,,0,,,,0,0
9cf312b0d76a11d9b79e6b4100f848d1878ed0b9,boulder,dtilt,ground,after_step,2,3,,0,,,,0,0
9cf312b0d76a11d9b79e6b4100f848d1878ed0b9,boulder,dtilt,ground,after_step,3,4,,0,,,,0,0
9cf312b0d76a11d9b79e6b4100f848d1878ed0b9,boulder,dtilt,ground,after_step,4,5,,0,,,,0,0
9cf312b0d76a11d9b79e6b4100f848d1878ed0b9,boulder,dtilt,ground,after_step,5,6,,0,,,,0,0
9cf312b0d76a11d9b79e6b4100f848d1878ed0b9,boulder,dtilt,ground,after_step,6,7,,0,,,,0,0
9cf312b0d76a11d9b79e6b4100f848d1878ed0b9,boulder,dtilt,ground,after_step,7,8,clean,1,19.000,13.000,10.000,0,0
9cf312b0d76a11d9b79e6b4100f848d1878ed0b9,boulder,dtilt,ground,after_step,8,9,clean,1,19.000,13.000,10.000,0,0
9cf312b0d76a11d9b79e6b4100f848d1878ed0b9,boulder,dtilt,ground,after_step,9,10,clean,1,19.000,13.000,10.000,0,0
9cf312b0d76a11d9b79e6b4100f848d1878ed0b9,boulder,dtilt,ground,after_step,10,11,clean,1,19.000,13.000,10.000,0,0
9cf312b0d76a11d9b79e6b4100f848d1878ed0b9,boulder,dtilt,ground,after_step,11,12,,0,,,,0,0
9cf312b0d76a11d9b79e6b4100f848d1878ed0b9,boulder,dtilt,ground,after_step,12,13,,0,,,,0,0
9cf312b0d76a11d9b79e6b4100f848d1878ed0b9,boulder,dtilt,ground,after_step,13,14,,0,,,,0,0
9cf312b0d76a11d9b79e6b4100f848d1878ed0b9,boulder,dtilt,ground,after_step,14,15,,0,,,,0,0
9cf312b0d76a11d9b79e6b4100f848d1878ed0b9,boulder,dtilt,ground,after_step,15,16,,0,,,,0,0
9cf312b0d76a11d9b79e6b4100f848d1878ed0b9,boulder,dtilt,ground,after_step,16,17,,0,,,,0,0
9cf312b0d76a11d9b79e6b4100f848d1878ed0b9,boulder,dtilt,ground,after_step,17,18,,0,,,,0,0
9cf312b0d76a11d9b79e6b4100f848d1878ed0b9,boulder,dtilt,ground,after_step,18,19,,0,,,,0,0
9cf312b0d76a11d9b79e6b4100f848d1878ed0b9,boulder,dtilt,ground,after_step,19,20,,0,,,,0,0
9cf312b0d76a11d9b79e6b4100f848d1878ed0b9,boulder,dtilt,ground,after_step,20,21,,0,,,,0,0
9cf312b0d76a11d9b79e6b4100f848d1878ed0b9,boulder,dtilt,ground,after_step,21,22,,0,,,,0,0
9cf312b0d76a11d9b79e6b4100f848d1878ed0b9,boulder,dtilt,ground,after_step,22,23,,0,,,,0,0
9cf312b0d76a11d9b79e6b4100f848d1878ed0b9,boulder,dtilt,ground,after_step,23,24,,0,,,,0,0
9cf312b0d76a11d9b79e6b4100f848d1878ed0b9,boulder,dtilt,ground,after_step,24,25,,0,,,,0,0
9cf312b0d76a11d9b79e6b4100f848d1878ed0b9,boulder,dtilt,ground,after_step,25,26,,0,,,,0,0
9cf312b0d76a11d9b79e6b4100f848d1878ed0b9,boulder,dtilt,ground,after_step,26,27,,0,,,,0,0
9cf312b0d76a11d9b79e6b4100f848d1878ed0b9,boulder,dtilt,ground,after_step,27,28,,0,,,,0,0
9cf312b0d76a11d9b79e6b4100f848d1878ed0b9,boulder,dtilt,ground,after_step,28,29,,0,,,,0,0
9cf312b0d76a11d9b79e6b4100f848d1878ed0b9,boulder,dtilt,ground,after_step,29,30,,0,,,,0,0
9cf312b0d76a11d9b79e6b4100f848d1878ed0b9,boulder,dtilt,ground,after_step,30,31,,0,,,,0,0
9cf312b0d76a11d9b79e6b4100f848d1878ed0b9,boulder,dtilt,ground,after_step,31,32,,0,,,,0,0
9cf312b0d76a11d9b79e6b4100f848d1878ed0b9,boulder,dtilt,ground,after_step,32,33,,0,,,,0,0
9cf312b0d76a11d9b79e6b4100f848d1878ed0b9,boulder,dtilt,ground,after_step,33,34,,0,,,,0,0
9cf312b0d76a11d9b79e6b4100f848d1878ed0b9,boulder,dtilt,ground,after_step,34,1,,0,,,,0,0
9cf312b0d76a11d9b79e6b4100f848d1878ed0b9,boulder,fsmash,cstick,pre_step,0,8,,0,,,,0,0
9cf312b0d76a11d9b79e6b4100f848d1878ed0b9,boulder,fsmash,cstick,after_step,0,1,,0,,,,0,0
9cf312b0d76a11d9b79e6b4100f848d1878ed0b9,boulder,fsmash,cstick,after_step,1,2,,0,,,,0,0
9cf312b0d76a11d9b79e6b4100f848d1878ed0b9,boulder,fsmash,cstick,after_step,2,3,,0,,,,0,0
9cf312b0d76a11d9b79e6b4100f848d1878ed0b9,boulder,fsmash,cstick,after_step,3,4,,0,,,,0,0
9cf312b0d76a11d9b79e6b4100f848d1878ed0b9,boulder,fsmash,cstick,after_step,4,5,,0,,,,0,0
9cf312b0d76a11d9b79e6b4100f848d1878ed0b9,boulder,fsmash,cstick,after_step,5,6,,0,,,,0,0
9cf312b0d76a11d9b79e6b4100f848d1878ed0b9,boulder,fsmash,cstick,after_step,6,7,,0,,,,0,0
9cf312b0d76a11d9b79e6b4100f848d1878ed0b9,boulder,fsmash,cstick,after_step,7,8,,0,,,,0,0
9cf312b0d76a11d9b79e6b4100f848d1878ed0b9,boulder,fsmash,cstick,after_step,8,9,,0,,,,0,0
9cf312b0d76a11d9b79e6b4100f848d1878ed0b9,boulder,fsmash,cstick,after_step,9,10,,0,,,,0,0
9cf312b0d76a11d9b79e6b4100f848d1878ed0b9,boulder,fsmash,cstick,after_step,10,11,,0,,,,0,0
9cf312b0d76a11d9b79e6b4100f848d1878ed0b9,boulder,fsmash,cstick,after_step,11,12,,0,,,,0,0
9cf312b0d76a11d9b79e6b4100f848d1878ed0b9,boulder,fsmash,cstick,after_step,12,13,,0,,,,0,0
9cf312b0d76a11d9b79e6b4100f848d1878ed0b9,boulder,fsmash,cstick,after_step,13,14,,0,,,,0,0
9cf312b0d76a11d9b79e6b4100f848d1878ed0b9,boulder,fsmash,cstick,after_step,14,15,,0,,,,0,0
9cf312b0d76a11d9b79e6b4100f848d1878ed0b9,boulder,fsmash,cstick,after_step,15,16,,0,,,,0,0
9cf312b0d76a11d9b79e6b4100f848d1878ed0b9,boulder,fsmash,cstick,after_step,16,17,clean,1,26.000,23.000,14.500,0,0
9cf312b0d76a11d9b79e6b4100f848d1878ed0b9,boulder,fsmash,cstick,after_step,17,18,clean,1,26.000,23.000,14.500,0,0
9cf312b0d76a11d9b79e6b4100f848d1878ed0b9,boulder,fsmash,cstick,after_step,18,19,clean,1,26.000,23.000,14.500,0,0
9cf312b0d76a11d9b79e6b4100f848d1878ed0b9,boulder,fsmash,cstick,after_step,19,20,clean,1,26.000,23.000,14.500,0,0
9cf312b0d76a11d9b79e6b4100f848d1878ed0b9,boulder,fsmash,cstick,after_step,20,21,,0,,,,0,0
9cf312b0d76a11d9b79e6b4100f848d1878ed0b9,boulder,fsmash,cstick,after_step,21,22,,0,,,,0,0
9cf312b0d76a11d9b79e6b4100f848d1878ed0b9,boulder,fsmash,cstick,after_step,22,23,,0,,,,0,0
9cf312b0d76a11d9b79e6b4100f848d1878ed0b9,boulder,fsmash,cstick,after_step,23,24,,0,,,,0,0
9cf312b0d76a11d9b79e6b4100f848d1878ed0b9,boulder,fsmash,cstick,after_step,24,25,,0,,,,0,0
9cf312b0d76a11d9b79e6b4100f848d1878ed0b9,boulder,fsmash,cstick,after_step,25,26,,0,,,,0,0
9cf312b0d76a11d9b79e6b4100f848d1878ed0b9,boulder,fsmash,cstick,after_step,26,27,,0,,,,0,0
9cf312b0d76a11d9b79e6b4100f848d1878ed0b9,boulder,fsmash,cstick,after_step,27,28,,0,,,,0,0
9cf312b0d76a11d9b79e6b4100f848d1878ed0b9,boulder,fsmash,cstick,after_step,28,29,,0,,,,0,0
9cf312b0d76a11d9b79e6b4100f848d1878ed0b9,boulder,fsmash,cstick,after_step,29,30,,0,,,,0,0
9cf312b0d76a11d9b79e6b4100f848d1878ed0b9,boulder,fsmash,cstick,after_step,30,31,,0,,,,0,0
9cf312b0d76a11d9b79e6b4100f848d1878ed0b9,boulder,fsmash,cstick,after_step,31,32,,0,,,,0,0
9cf312b0d76a11d9b79e6b4100f848d1878ed0b9,boulder,fsmash,cstick,after_step,32,33,,0,,,,0,0
9cf312b0d76a11d9b79e6b4100f848d1878ed0b9,boulder,fsmash,cstick,after_step,33,34,,0,,,,0,0
9cf312b0d76a11d9b79e6b4100f848d1878ed0b9,boulder,fsmash,cstick,after_step,34,35,,0,,,,0,0
9cf312b0d76a11d9b79e6b4100f848d1878ed0b9,boulder,fsmash,cstick,after_step,35,36,,0,,,,0,0
9cf312b0d76a11d9b79e6b4100f848d1878ed0b9,boulder,fsmash,cstick,after_step,36,37,,0,,,,0,0
9cf312b0d76a11d9b79e6b4100f848d1878ed0b9,boulder,fsmash,cstick,after_step,37,38,,0,,,,0,0
9cf312b0d76a11d9b79e6b4100f848d1878ed0b9,boulder,fsmash,cstick,after_step,38,39,,0,,,,0,0
9cf312b0d76a11d9b79e6b4100f848d1878ed0b9,boulder,fsmash,cstick,after_step,39,40,,0,,,,0,0
9cf312b0d76a11d9b79e6b4100f848d1878ed0b9,boulder,fsmash,cstick,after_step,40,41,,0,,,,0,0
9cf312b0d76a11d9b79e6b4100f848d1878ed0b9,boulder,fsmash,cstick,after_step,41,42,,0,,,,0,0
9cf312b0d76a11d9b79e6b4100f848d1878ed0b9,boulder,fsmash,cstick,after_step,42,43,,0,,,,0,0
9cf312b0d76a11d9b79e6b4100f848d1878ed0b9,boulder,fsmash,cstick,after_step,43,44,,0,,,,0,0
9cf312b0d76a11d9b79e6b4100f848d1878ed0b9,boulder,fsmash,cstick,after_step,44,45,,0,,,,0,0
9cf312b0d76a11d9b79e6b4100f848d1878ed0b9,boulder,fsmash,cstick,after_step,45,46,,0,,,,0,0
9cf312b0d76a11d9b79e6b4100f848d1878ed0b9,boulder,fsmash,cstick,after_step,46,47,,0,,,,0,0
9cf312b0d76a11d9b79e6b4100f848d1878ed0b9,boulder,fsmash,cstick,after_step,47,48,,0,,,,0,0
9cf312b0d76a11d9b79e6b4100f848d1878ed0b9,boulder,fsmash,cstick,after_step,48,49,,0,,,,0,0
9cf312b0d76a11d9b79e6b4100f848d1878ed0b9,boulder,fsmash,cstick,after_step,49,50,,0,,,,0,0
9cf312b0d76a11d9b79e6b4100f848d1878ed0b9,boulder,fsmash,cstick,after_step,50,51,,0,,,,0,0
9cf312b0d76a11d9b79e6b4100f848d1878ed0b9,boulder,fsmash,cstick,after_step,51,52,,0,,,,0,0
9cf312b0d76a11d9b79e6b4100f848d1878ed0b9,boulder,fsmash,cstick,after_step,52,53,,0,,,,0,0
9cf312b0d76a11d9b79e6b4100f848d1878ed0b9,boulder,fsmash,cstick,after_step,53,54,,0,,,,0,0
9cf312b0d76a11d9b79e6b4100f848d1878ed0b9,boulder,fsmash,cstick,after_step,54,55,,0,,,,0,0
9cf312b0d76a11d9b79e6b4100f848d1878ed0b9,boulder,fsmash,cstick,after_step,55,1,,0,,,,0,0
9cf312b0d76a11d9b79e6b4100f848d1878ed0b9,boulder,fsmash,charged_max,pre_step,0,8,,0,,,,0,0
9cf312b0d76a11d9b79e6b4100f848d1878ed0b9,boulder,fsmash,charged_max,after_step,0,1,,0,,,,0,0
9cf312b0d76a11d9b79e6b4100f848d1878ed0b9,boulder,fsmash,charged_max,after_step,1,2,,0,,,,0,0
9cf312b0d76a11d9b79e6b4100f848d1878ed0b9,boulder,fsmash,charged_max,after_step,2,3,,0,,,,0,0
9cf312b0d76a11d9b79e6b4100f848d1878ed0b9,boulder,fsmash,charged_max,after_step,3,4,,0,,,,0,0
9cf312b0d76a11d9b79e6b4100f848d1878ed0b9,boulder,fsmash,charged_max,after_step,4,5,,0,,,,0,0
9cf312b0d76a11d9b79e6b4100f848d1878ed0b9,boulder,fsmash,charged_max,after_step,5,6,,0,,,,0,0
9cf312b0d76a11d9b79e6b4100f848d1878ed0b9,boulder,fsmash,charged_max,after_step,6,7,,0,,,,0,0
9cf312b0d76a11d9b79e6b4100f848d1878ed0b9,boulder,fsmash,charged_max,after_step,7,7,,0,,,,0,0
9cf312b0d76a11d9b79e6b4100f848d1878ed0b9,boulder,fsmash,charged_max,after_step,8,7,,0,,,,0,0
9cf312b0d76a11d9b79e6b4100f848d1878ed0b9,boulder,fsmash,charged_max,after_step,9,7,,0,,,,0,0
9cf312b0d76a11d9b79e6b4100f848d1878ed0b9,boulder,fsmash,charged_max,after_step,10,7,,0,,,,0,0
9cf312b0d76a11d9b79e6b4100f848d1878ed0b9,boulder,fsmash,charged_max,after_step,11,7,,0,,,,0,0
9cf312b0d76a11d9b79e6b4100f848d1878ed0b9,boulder,fsmash,charged_max,after_step,12,7,,0,,,,0,0
9cf312b0d76a11d9b79e6b4100f848d1878ed0b9,boulder,fsmash,charged_max,after_step,13,7,,0,,,,0,0
9cf312b0d76a11d9b79e6b4100f848d1878ed0b9,boulder,fsmash,charged_max,after_step,14,7,,0,,,,0,0
9cf312b0d76a11d9b79e6b4100f848d1878ed0b9,boulder,fsmash,charged_max,after_step,15,7,,0,,,,0,0
9cf312b0d76a11d9b79e6b4100f848d1878ed0b9,boulder,fsmash,charged_max,after_step,16,7,,0,,,,0,0
9cf312b0d76a11d9b79e6b4100f848d1878ed0b9,boulder,fsmash,charged_max,after_step,17,7,,0,,,,0,0
9cf312b0d76a11d9b79e6b4100f848d1878ed0b9,boulder,fsmash,charged_max,after_step,18,7,,0,,,,0,0
9cf312b0d76a11d9b79e6b4100f848d1878ed0b9,boulder,fsmash,charged_max,after_step,19,7,,0,,,,0,0
9cf312b0d76a11d9b79e6b4100f848d1878ed0b9,boulder,fsmash,charged_max,after_step,20,7,,0,,,,0,0
9cf312b0d76a11d9b79e6b4100f848d1878ed0b9,boulder,fsmash,charged_max,after_step,21,7,,0,,,,0,0
9cf312b0d76a11d9b79e6b4100f848d1878ed0b9,boulder,fsmash,charged_max,after_step,22,7,,0,,,,0,0
9cf312b0d76a11d9b79e6b4100f848d1878ed0b9,boulder,fsmash,charged_max,after_step,23,7,,0,,,,0,0
9cf312b0d76a11d9b79e6b4100f848d1878ed0b9,boulder,fsmash,charged_max,after_step,24,7,,0,,,,0,0
9cf312b0d76a11d9b79e6b4100f848d1878ed0b9,boulder,fsmash,charged_max,after_step,25,7,,0,,,,0,0
9cf312b0d76a11d9b79e6b4100f848d1878ed0b9,boulder,fsmash,charged_max,after_step,26,7,,0,,,,0,0
9cf312b0d76a11d9b79e6b4100f848d1878ed0b9,boulder,fsmash,charged_max,after_step,27,7,,0,,,,0,0
9cf312b0d76a11d9b79e6b4100f848d1878ed0b9,boulder,fsmash,charged_max,after_step,28,7,,0,,,,0,0
9cf312b0d76a11d9b79e6b4100f848d1878ed0b9,boulder,fsmash,charged_max,after_step,29,7,,0,,,,0,0
9cf312b0d76a11d9b79e6b4100f848d1878ed0b9,boulder,fsmash,charged_max,after_step,30,7,,0,,,,0,0
9cf312b0d76a11d9b79e6b4100f848d1878ed0b9,boulder,fsmash,charged_max,after_step,31,7,,0,,,,0,0
9cf312b0d76a11d9b79e6b4100f848d1878ed0b9,boulder,fsmash,charged_max,after_step,32,7,,0,,,,0,0
9cf312b0d76a11d9b79e6b4100f848d1878ed0b9,boulder,fsmash,charged_max,after_step,33,7,,0,,,,0,0
9cf312b0d76a11d9b79e6b4100f848d1878ed0b9,boulder,fsmash,charged_max,after_step,34,7,,0,,,,0,0
9cf312b0d76a11d9b79e6b4100f848d1878ed0b9,boulder,fsmash,charged_max,after_step,35,7,,0,,,,0,0
9cf312b0d76a11d9b79e6b4100f848d1878ed0b9,boulder,fsmash,charged_max,after_step,36,7,,0,,,,0,0
9cf312b0d76a11d9b79e6b4100f848d1878ed0b9,boulder,fsmash,charged_max,after_step,37,7,,0,,,,0,0
9cf312b0d76a11d9b79e6b4100f848d1878ed0b9,boulder,fsmash,charged_max,after_step,38,7,,0,,,,0,0
9cf312b0d76a11d9b79e6b4100f848d1878ed0b9,boulder,fsmash,charged_max,after_step,39,7,,0,,,,0,0
9cf312b0d76a11d9b79e6b4100f848d1878ed0b9,boulder,fsmash,charged_max,after_step,40,7,,0,,,,0,0
9cf312b0d76a11d9b79e6b4100f848d1878ed0b9,boulder,fsmash,charged_max,after_step,41,7,,0,,,,0,0
9cf312b0d76a11d9b79e6b4100f848d1878ed0b9,boulder,fsmash,charged_max,after_step,42,7,,0,,,,0,0
9cf312b0d76a11d9b79e6b4100f848d1878ed0b9,boulder,fsmash,charged_max,after_step,43,7,,0,,,,0,0
9cf312b0d76a11d9b79e6b4100f848d1878ed0b9,boulder,fsmash,charged_max,after_step,44,7,,0,,,,0,0
9cf312b0d76a11d9b79e6b4100f848d1878ed0b9,boulder,fsmash,charged_max,after_step,45,7,,0,,,,0,0
9cf312b0d76a11d9b79e6b4100f848d1878ed0b9,boulder,fsmash,charged_max,after_step,46,7,,0,,,,0,0
9cf312b0d76a11d9b79e6b4100f848d1878ed0b9,boulder,fsmash,charged_max,after_step,47,7,,0,,,,0,0
9cf312b0d76a11d9b79e6b4100f848d1878ed0b9,boulder,fsmash,charged_max,after_step,48,7,,0,,,,0,0
9cf312b0d76a11d9b79e6b4100f848d1878ed0b9,boulder,fsmash,charged_max,after_step,49,7,,0,,,,0,0
9cf312b0d76a11d9b79e6b4100f848d1878ed0b9,boulder,fsmash,charged_max,after_step,50,7,,0,,,,0,0
9cf312b0d76a11d9b79e6b4100f848d1878ed0b9,boulder,fsmash,charged_max,after_step,51,7,,0,,,,0,0
9cf312b0d76a11d9b79e6b4100f848d1878ed0b9,boulder,fsmash,charged_max,after_step,52,7,,0,,,,0,0
9cf312b0d76a11d9b79e6b4100f848d1878ed0b9,boulder,fsmash,charged_max,after_step,53,7,,0,,,,0,0
9cf312b0d76a11d9b79e6b4100f848d1878ed0b9,boulder,fsmash,charged_max,after_step,54,7,,0,,,,0,0
9cf312b0d76a11d9b79e6b4100f848d1878ed0b9,boulder,fsmash,charged_max,after_step,55,7,,0,,,,0,0
9cf312b0d76a11d9b79e6b4100f848d1878ed0b9,boulder,fsmash,charged_max,after_step,56,7,,0,,,,0,0
9cf312b0d76a11d9b79e6b4100f848d1878ed0b9,boulder,fsmash,charged_max,after_step,57,7,,0,,,,0,0
9cf312b0d76a11d9b79e6b4100f848d1878ed0b9,boulder,fsmash,charged_max,after_step,58,7,,0,,,,0,0
9cf312b0d76a11d9b79e6b4100f848d1878ed0b9,boulder,fsmash,charged_max,after_step,59,7,,0,,,,0,0
9cf312b0d76a11d9b79e6b4100f848d1878ed0b9,boulder,fsmash,charged_max,after_step,60,7,,0,,,,0,0
9cf312b0d76a11d9b79e6b4100f848d1878ed0b9,boulder,fsmash,charged_max,after_step,61,7,,0,,,,0,0
9cf312b0d76a11d9b79e6b4100f848d1878ed0b9,boulder,fsmash,charged_max,after_step,62,7,,0,,,,0,0
9cf312b0d76a11d9b79e6b4100f848d1878ed0b9,boulder,fsmash,charged_max,after_step,63,7,,0,,,,0,0
9cf312b0d76a11d9b79e6b4100f848d1878ed0b9,boulder,fsmash,charged_max,after_step,64,7,,0,,,,0,0
9cf312b0d76a11d9b79e6b4100f848d1878ed0b9,boulder,fsmash,charged_max,after_step,65,7,,0,,,,0,0
9cf312b0d76a11d9b79e6b4100f848d1878ed0b9,boulder,fsmash,charged_max,after_step,66,7,,0,,,,0,0
9cf312b0d76a11d9b79e6b4100f848d1878ed0b9,boulder,fsmash,charged_max,after_step,67,8,,0,,,,0,0
9cf312b0d76a11d9b79e6b4100f848d1878ed0b9,boulder,fsmash,charged_max,after_step,68,9,,0,,,,0,0
9cf312b0d76a11d9b79e6b4100f848d1878ed0b9,boulder,fsmash,charged_max,after_step,69,10,,0,,,,0,0
9cf312b0d76a11d9b79e6b4100f848d1878ed0b9,boulder,fsmash,charged_max,after_step,70,11,,0,,,,0,0
9cf312b0d76a11d9b79e6b4100f848d1878ed0b9,boulder,fsmash,charged_max,after_step,71,12,,0,,,,0,0
9cf312b0d76a11d9b79e6b4100f848d1878ed0b9,boulder,fsmash,charged_max,after_step,72,13,,0,,,,0,0
9cf312b0d76a11d9b79e6b4100f848d1878ed0b9,boulder,fsmash,charged_max,after_step,73,14,,0,,,,0,0
9cf312b0d76a11d9b79e6b4100f848d1878ed0b9,boulder,fsmash,charged_max,after_step,74,15,,0,,,,0,0
9cf312b0d76a11d9b79e6b4100f848d1878ed0b9,boulder,fsmash,charged_max,after_step,75,16,,0,,,,0,0
9cf312b0d76a11d9b79e6b4100f848d1878ed0b9,boulder,fsmash,charged_max,after_step,76,17,clean,1,26.000,23.000,14.500,0,0
9cf312b0d76a11d9b79e6b4100f848d1878ed0b9,boulder,fsmash,charged_max,after_step,77,18,clean,1,26.000,23.000,14.500,0,0
9cf312b0d76a11d9b79e6b4100f848d1878ed0b9,boulder,fsmash,charged_max,after_step,78,19,clean,1,26.000,23.000,14.500,0,0
9cf312b0d76a11d9b79e6b4100f848d1878ed0b9,boulder,fsmash,charged_max,after_step,79,20,clean,1,26.000,23.000,14.500,0,0
9cf312b0d76a11d9b79e6b4100f848d1878ed0b9,boulder,fsmash,charged_max,after_step,80,21,,0,,,,0,0
9cf312b0d76a11d9b79e6b4100f848d1878ed0b9,boulder,fsmash,charged_max,after_step,81,22,,0,,,,0,0
9cf312b0d76a11d9b79e6b4100f848d1878ed0b9,boulder,fsmash,charged_max,after_step,82,23,,0,,,,0,0
9cf312b0d76a11d9b79e6b4100f848d1878ed0b9,boulder,fsmash,charged_max,after_step,83,24,,0,,,,0,0
9cf312b0d76a11d9b79e6b4100f848d1878ed0b9,boulder,fsmash,charged_max,after_step,84,25,,0,,,,0,0
9cf312b0d76a11d9b79e6b4100f848d1878ed0b9,boulder,fsmash,charged_max,after_step,85,26,,0,,,,0,0
9cf312b0d76a11d9b79e6b4100f848d1878ed0b9,boulder,fsmash,charged_max,after_step,86,27,,0,,,,0,0
9cf312b0d76a11d9b79e6b4100f848d1878ed0b9,boulder,fsmash,charged_max,after_step,87,28,,0,,,,0,0
9cf312b0d76a11d9b79e6b4100f848d1878ed0b9,boulder,fsmash,charged_max,after_step,88,29,,0,,,,0,0
9cf312b0d76a11d9b79e6b4100f848d1878ed0b9,boulder,fsmash,charged_max,after_step,89,30,,0,,,,0,0
9cf312b0d76a11d9b79e6b4100f848d1878ed0b9,boulder,fsmash,charged_max,after_step,90,31,,0,,,,0,0
9cf312b0d76a11d9b79e6b4100f848d1878ed0b9,boulder,fsmash,charged_max,after_step,91,32,,0,,,,0,0
9cf312b0d76a11d9b79e6b4100f848d1878ed0b9,boulder,fsmash,charged_max,after_step,92,33,,0,,,,0,0
9cf312b0d76a11d9b79e6b4100f848d1878ed0b9,boulder,fsmash,charged_max,after_step,93,34,,0,,,,0,0
9cf312b0d76a11d9b79e6b4100f848d1878ed0b9,boulder,fsmash,charged_max,after_step,94,35,,0,,,,0,0
9cf312b0d76a11d9b79e6b4100f848d1878ed0b9,boulder,fsmash,charged_max,after_step,95,36,,0,,,,0,0
9cf312b0d76a11d9b79e6b4100f848d1878ed0b9,boulder,fsmash,charged_max,after_step,96,37,,0,,,,0,0
9cf312b0d76a11d9b79e6b4100f848d1878ed0b9,boulder,fsmash,charged_max,after_step,97,38,,0,,,,0,0
9cf312b0d76a11d9b79e6b4100f848d1878ed0b9,boulder,fsmash,charged_max,after_step,98,39,,0,,,,0,0
9cf312b0d76a11d9b79e6b4100f848d1878ed0b9,boulder,fsmash,charged_max,after_step,99,40,,0,,,,0,0
9cf312b0d76a11d9b79e6b4100f848d1878ed0b9,boulder,fsmash,charged_max,after_step,100,41,,0,,,,0,0
9cf312b0d76a11d9b79e6b4100f848d1878ed0b9,boulder,fsmash,charged_max,after_step,101,42,,0,,,,0,0
9cf312b0d76a11d9b79e6b4100f848d1878ed0b9,boulder,fsmash,charged_max,after_step,102,43,,0,,,,0,0
9cf312b0d76a11d9b79e6b4100f848d1878ed0b9,boulder,fsmash,charged_max,after_step,103,44,,0,,,,0,0
9cf312b0d76a11d9b79e6b4100f848d1878ed0b9,boulder,fsmash,charged_max,after_step,104,45,,0,,,,0,0
9cf312b0d76a11d9b79e6b4100f848d1878ed0b9,boulder,fsmash,charged_max,after_step,105,46,,0,,,,0,0
9cf312b0d76a11d9b79e6b4100f848d1878ed0b9,boulder,fsmash,charged_max,after_step,106,47,,0,,,,0,0
9cf312b0d76a11d9b79e6b4100f848d1878ed0b9,boulder,fsmash,charged_max,after_step,107,48,,0,,,,0,0
9cf312b0d76a11d9b79e6b4100f848d1878ed0b9,boulder,fsmash,charged_max,after_step,108,49,,0,,,,0,0
9cf312b0d76a11d9b79e6b4100f848d1878ed0b9,boulder,fsmash,charged_max,after_step,109,50,,0,,,,0,0
9cf312b0d76a11d9b79e6b4100f848d1878ed0b9,boulder,fsmash,charged_max,after_step,110,51,,0,,,,0,0
9cf312b0d76a11d9b79e6b4100f848d1878ed0b9,boulder,fsmash,charged_max,after_step,111,52,,0,,,,0,0
9cf312b0d76a11d9b79e6b4100f848d1878ed0b9,boulder,fsmash,charged_max,after_step,112,53,,0,,,,0,0
9cf312b0d76a11d9b79e6b4100f848d1878ed0b9,boulder,fsmash,charged_max,after_step,113,54,,0,,,,0,0
9cf312b0d76a11d9b79e6b4100f848d1878ed0b9,boulder,fsmash,charged_max,after_step,114,55,,0,,,,0,0
9cf312b0d76a11d9b79e6b4100f848d1878ed0b9,boulder,fsmash,charged_max,after_step,115,1,,0,,,,0,0
9cf312b0d76a11d9b79e6b4100f848d1878ed0b9,boulder,usmash,cstick,pre_step,0,8,,0,,,,0,0
9cf312b0d76a11d9b79e6b4100f848d1878ed0b9,boulder,usmash,cstick,after_step,0,1,,0,,,,0,0
9cf312b0d76a11d9b79e6b4100f848d1878ed0b9,boulder,usmash,cstick,after_step,1,2,,0,,,,0,0
9cf312b0d76a11d9b79e6b4100f848d1878ed0b9,boulder,usmash,cstick,after_step,2,3,,0,,,,0,0
9cf312b0d76a11d9b79e6b4100f848d1878ed0b9,boulder,usmash,cstick,after_step,3,4,,0,,,,0,0
9cf312b0d76a11d9b79e6b4100f848d1878ed0b9,boulder,usmash,cstick,after_step,4,5,,0,,,,0,0
9cf312b0d76a11d9b79e6b4100f848d1878ed0b9,boulder,usmash,cstick,after_step,5,6,,0,,,,0,0
9cf312b0d76a11d9b79e6b4100f848d1878ed0b9,boulder,usmash,cstick,after_step,6,7,,0,,,,0,0
9cf312b0d76a11d9b79e6b4100f848d1878ed0b9,boulder,usmash,cstick,after_step,7,8,,0,,,,0,0
9cf312b0d76a11d9b79e6b4100f848d1878ed0b9,boulder,usmash,cstick,after_step,8,9,,0,,,,0,0
9cf312b0d76a11d9b79e6b4100f848d1878ed0b9,boulder,usmash,cstick,after_step,9,10,,0,,,,0,0
9cf312b0d76a11d9b79e6b4100f848d1878ed0b9,boulder,usmash,cstick,after_step,10,11,,0,,,,0,0
9cf312b0d76a11d9b79e6b4100f848d1878ed0b9,boulder,usmash,cstick,after_step,11,12,,0,,,,0,0
9cf312b0d76a11d9b79e6b4100f848d1878ed0b9,boulder,usmash,cstick,after_step,12,13,clean,1,2.000,45.000,14.500,0,0
9cf312b0d76a11d9b79e6b4100f848d1878ed0b9,boulder,usmash,cstick,after_step,13,14,clean,1,2.000,45.000,14.500,0,0
9cf312b0d76a11d9b79e6b4100f848d1878ed0b9,boulder,usmash,cstick,after_step,14,15,clean,1,2.000,45.000,14.500,0,0
9cf312b0d76a11d9b79e6b4100f848d1878ed0b9,boulder,usmash,cstick,after_step,15,16,clean,1,2.000,45.000,14.500,0,0
9cf312b0d76a11d9b79e6b4100f848d1878ed0b9,boulder,usmash,cstick,after_step,16,17,late,1,2.000,45.000,14.500,0,0
9cf312b0d76a11d9b79e6b4100f848d1878ed0b9,boulder,usmash,cstick,after_step,17,18,late,1,2.000,45.000,14.500,0,0
9cf312b0d76a11d9b79e6b4100f848d1878ed0b9,boulder,usmash,cstick,after_step,18,19,late,1,2.000,45.000,14.500,0,0
9cf312b0d76a11d9b79e6b4100f848d1878ed0b9,boulder,usmash,cstick,after_step,19,20,late,1,2.000,45.000,14.500,0,0
9cf312b0d76a11d9b79e6b4100f848d1878ed0b9,boulder,usmash,cstick,after_step,20,21,late,1,2.000,45.000,14.500,0,0
9cf312b0d76a11d9b79e6b4100f848d1878ed0b9,boulder,usmash,cstick,after_step,21,22,late,1,2.000,45.000,14.500,0,0
9cf312b0d76a11d9b79e6b4100f848d1878ed0b9,boulder,usmash,cstick,after_step,22,23,late,1,2.000,45.000,14.500,0,0
9cf312b0d76a11d9b79e6b4100f848d1878ed0b9,boulder,usmash,cstick,after_step,23,24,late,1,2.000,45.000,14.500,0,0
9cf312b0d76a11d9b79e6b4100f848d1878ed0b9,boulder,usmash,cstick,after_step,24,25,,0,,,,0,0
9cf312b0d76a11d9b79e6b4100f848d1878ed0b9,boulder,usmash,cstick,after_step,25,26,,0,,,,0,0
9cf312b0d76a11d9b79e6b4100f848d1878ed0b9,boulder,usmash,cstick,after_step,26,27,,0,,,,0,0
9cf312b0d76a11d9b79e6b4100f848d1878ed0b9,boulder,usmash,cstick,after_step,27,28,,0,,,,0,0
9cf312b0d76a11d9b79e6b4100f848d1878ed0b9,boulder,usmash,cstick,after_step,28,29,,0,,,,0,0
9cf312b0d76a11d9b79e6b4100f848d1878ed0b9,boulder,usmash,cstick,after_step,29,30,,0,,,,0,0
9cf312b0d76a11d9b79e6b4100f848d1878ed0b9,boulder,usmash,cstick,after_step,30,31,,0,,,,0,0
9cf312b0d76a11d9b79e6b4100f848d1878ed0b9,boulder,usmash,cstick,after_step,31,32,,0,,,,0,0
9cf312b0d76a11d9b79e6b4100f848d1878ed0b9,boulder,usmash,cstick,after_step,32,33,,0,,,,0,0
9cf312b0d76a11d9b79e6b4100f848d1878ed0b9,boulder,usmash,cstick,after_step,33,34,,0,,,,0,0
9cf312b0d76a11d9b79e6b4100f848d1878ed0b9,boulder,usmash,cstick,after_step,34,35,,0,,,,0,0
9cf312b0d76a11d9b79e6b4100f848d1878ed0b9,boulder,usmash,cstick,after_step,35,36,,0,,,,0,0
9cf312b0d76a11d9b79e6b4100f848d1878ed0b9,boulder,usmash,cstick,after_step,36,37,,0,,,,0,0
9cf312b0d76a11d9b79e6b4100f848d1878ed0b9,boulder,usmash,cstick,after_step,37,38,,0,,,,0,0
9cf312b0d76a11d9b79e6b4100f848d1878ed0b9,boulder,usmash,cstick,after_step,38,39,,0,,,,0,0
9cf312b0d76a11d9b79e6b4100f848d1878ed0b9,boulder,usmash,cstick,after_step,39,40,,0,,,,0,0
9cf312b0d76a11d9b79e6b4100f848d1878ed0b9,boulder,usmash,cstick,after_step,40,41,,0,,,,0,0
9cf312b0d76a11d9b79e6b4100f848d1878ed0b9,boulder,usmash,cstick,after_step,41,42,,0,,,,0,0
9cf312b0d76a11d9b79e6b4100f848d1878ed0b9,boulder,usmash,cstick,after_step,42,43,,0,,,,0,0
9cf312b0d76a11d9b79e6b4100f848d1878ed0b9,boulder,usmash,cstick,after_step,43,44,,0,,,,0,0
9cf312b0d76a11d9b79e6b4100f848d1878ed0b9,boulder,usmash,cstick,after_step,44,45,,0,,,,0,0
9cf312b0d76a11d9b79e6b4100f848d1878ed0b9,boulder,usmash,cstick,after_step,45,46,,0,,,,0,0
9cf312b0d76a11d9b79e6b4100f848d1878ed0b9,boulder,usmash,cstick,after_step,46,47,,0,,,,0,0
9cf312b0d76a11d9b79e6b4100f848d1878ed0b9,boulder,usmash,cstick,after_step,47,48,,0,,,,0,0
9cf312b0d76a11d9b79e6b4100f848d1878ed0b9,boulder,usmash,cstick,after_step,48,49,,0,,,,0,0
9cf312b0d76a11d9b79e6b4100f848d1878ed0b9,boulder,usmash,cstick,after_step,49,50,,0,,,,0,0
9cf312b0d76a11d9b79e6b4100f848d1878ed0b9,boulder,usmash,cstick,after_step,50,51,,0,,,,0,0
9cf312b0d76a11d9b79e6b4100f848d1878ed0b9,boulder,usmash,cstick,after_step,51,52,,0,,,,0,0
9cf312b0d76a11d9b79e6b4100f848d1878ed0b9,boulder,usmash,cstick,after_step,52,53,,0,,,,0,0
9cf312b0d76a11d9b79e6b4100f848d1878ed0b9,boulder,usmash,cstick,after_step,53,54,,0,,,,0,0
9cf312b0d76a11d9b79e6b4100f848d1878ed0b9,boulder,usmash,cstick,after_step,54,55,,0,,,,0,0
9cf312b0d76a11d9b79e6b4100f848d1878ed0b9,boulder,usmash,cstick,after_step,55,1,,0,,,,0,0
9cf312b0d76a11d9b79e6b4100f848d1878ed0b9,boulder,dsmash,cstick,pre_step,0,8,,0,,,,0,0
9cf312b0d76a11d9b79e6b4100f848d1878ed0b9,boulder,dsmash,cstick,after_step,0,1,,0,,,,0,0
9cf312b0d76a11d9b79e6b4100f848d1878ed0b9,boulder,dsmash,cstick,after_step,1,2,,0,,,,0,0
9cf312b0d76a11d9b79e6b4100f848d1878ed0b9,boulder,dsmash,cstick,after_step,2,3,,0,,,,0,0
9cf312b0d76a11d9b79e6b4100f848d1878ed0b9,boulder,dsmash,cstick,after_step,3,4,,0,,,,0,0
9cf312b0d76a11d9b79e6b4100f848d1878ed0b9,boulder,dsmash,cstick,after_step,4,5,,0,,,,0,0
9cf312b0d76a11d9b79e6b4100f848d1878ed0b9,boulder,dsmash,cstick,after_step,5,6,,0,,,,0,0
9cf312b0d76a11d9b79e6b4100f848d1878ed0b9,boulder,dsmash,cstick,after_step,6,7,,0,,,,0,0
9cf312b0d76a11d9b79e6b4100f848d1878ed0b9,boulder,dsmash,cstick,after_step,7,8,,0,,,,0,0
9cf312b0d76a11d9b79e6b4100f848d1878ed0b9,boulder,dsmash,cstick,after_step,8,9,,0,,,,0,0
9cf312b0d76a11d9b79e6b4100f848d1878ed0b9,boulder,dsmash,cstick,after_step,9,10,,0,,,,0,0
9cf312b0d76a11d9b79e6b4100f848d1878ed0b9,boulder,dsmash,cstick,after_step,10,11,clean,1,24.000,15.000,12.500,0,0
9cf312b0d76a11d9b79e6b4100f848d1878ed0b9,boulder,dsmash,cstick,after_step,11,12,clean,1,24.000,15.000,12.500,0,0
9cf312b0d76a11d9b79e6b4100f848d1878ed0b9,boulder,dsmash,cstick,after_step,12,13,clean,1,24.000,15.000,12.500,0,0
9cf312b0d76a11d9b79e6b4100f848d1878ed0b9,boulder,dsmash,cstick,after_step,13,14,clean,1,24.000,15.000,12.500,0,0
9cf312b0d76a11d9b79e6b4100f848d1878ed0b9,boulder,dsmash,cstick,after_step,14,15,,0,,,,0,0
9cf312b0d76a11d9b79e6b4100f848d1878ed0b9,boulder,dsmash,cstick,after_step,15,16,,0,,,,0,0
9cf312b0d76a11d9b79e6b4100f848d1878ed0b9,boulder,dsmash,cstick,after_step,16,17,,0,,,,0,0
9cf312b0d76a11d9b79e6b4100f848d1878ed0b9,boulder,dsmash,cstick,after_step,17,18,,0,,,,0,0
9cf312b0d76a11d9b79e6b4100f848d1878ed0b9,boulder,dsmash,cstick,after_step,18,19,,0,,,,0,0
9cf312b0d76a11d9b79e6b4100f848d1878ed0b9,boulder,dsmash,cstick,after_step,19,20,,0,,,,0,0
9cf312b0d76a11d9b79e6b4100f848d1878ed0b9,boulder,dsmash,cstick,after_step,20,21,,0,,,,0,0
9cf312b0d76a11d9b79e6b4100f848d1878ed0b9,boulder,dsmash,cstick,after_step,21,22,,0,,,,0,0
9cf312b0d76a11d9b79e6b4100f848d1878ed0b9,boulder,dsmash,cstick,after_step,22,23,,0,,,,0,0
9cf312b0d76a11d9b79e6b4100f848d1878ed0b9,boulder,dsmash,cstick,after_step,23,24,,0,,,,0,0
9cf312b0d76a11d9b79e6b4100f848d1878ed0b9,boulder,dsmash,cstick,after_step,24,25,,0,,,,0,0
9cf312b0d76a11d9b79e6b4100f848d1878ed0b9,boulder,dsmash,cstick,after_step,25,26,,0,,,,0,0
9cf312b0d76a11d9b79e6b4100f848d1878ed0b9,boulder,dsmash,cstick,after_step,26,27,,0,,,,0,0
9cf312b0d76a11d9b79e6b4100f848d1878ed0b9,boulder,dsmash,cstick,after_step,27,28,,0,,,,0,0
9cf312b0d76a11d9b79e6b4100f848d1878ed0b9,boulder,dsmash,cstick,after_step,28,29,,0,,,,0,0
9cf312b0d76a11d9b79e6b4100f848d1878ed0b9,boulder,dsmash,cstick,after_step,29,30,,0,,,,0,0
9cf312b0d76a11d9b79e6b4100f848d1878ed0b9,boulder,dsmash,cstick,after_step,30,31,,0,,,,0,0
9cf312b0d76a11d9b79e6b4100f848d1878ed0b9,boulder,dsmash,cstick,after_step,31,32,,0,,,,0,0
9cf312b0d76a11d9b79e6b4100f848d1878ed0b9,boulder,dsmash,cstick,after_step,32,33,,0,,,,0,0
9cf312b0d76a11d9b79e6b4100f848d1878ed0b9,boulder,dsmash,cstick,after_step,33,34,,0,,,,0,0
9cf312b0d76a11d9b79e6b4100f848d1878ed0b9,boulder,dsmash,cstick,after_step,34,35,,0,,,,0,0
9cf312b0d76a11d9b79e6b4100f848d1878ed0b9,boulder,dsmash,cstick,after_step,35,36,,0,,,,0,0
9cf312b0d76a11d9b79e6b4100f848d1878ed0b9,boulder,dsmash,cstick,after_step,36,37,,0,,,,0,0
9cf312b0d76a11d9b79e6b4100f848d1878ed0b9,boulder,dsmash,cstick,after_step,37,38,,0,,,,0,0
9cf312b0d76a11d9b79e6b4100f848d1878ed0b9,boulder,dsmash,cstick,after_step,38,39,,0,,,,0,0
9cf312b0d76a11d9b79e6b4100f848d1878ed0b9,boulder,dsmash,cstick,after_step,39,40,,0,,,,0,0
9cf312b0d76a11d9b79e6b4100f848d1878ed0b9,boulder,dsmash,cstick,after_step,40,41,,0,,,,0,0
9cf312b0d76a11d9b79e6b4100f848d1878ed0b9,boulder,dsmash,cstick,after_step,41,42,,0,,,,0,0
9cf312b0d76a11d9b79e6b4100f848d1878ed0b9,boulder,dsmash,cstick,after_step,42,43,,0,,,,0,0
9cf312b0d76a11d9b79e6b4100f848d1878ed0b9,boulder,dsmash,cstick,after_step,43,44,,0,,,,0,0
9cf312b0d76a11d9b79e6b4100f848d1878ed0b9,boulder,dsmash,cstick,after_step,44,45,,0,,,,0,0
9cf312b0d76a11d9b79e6b4100f848d1878ed0b9,boulder,dsmash,cstick,after_step,45,46,,0,,,,0,0
9cf312b0d76a11d9b79e6b4100f848d1878ed0b9,boulder,dsmash,cstick,after_step,46,47,,0,,,,0,0
9cf312b0d76a11d9b79e6b4100f848d1878ed0b9,boulder,dsmash,cstick,after_step,47,48,,0,,,,0,0
9cf312b0d76a11d9b79e6b4100f848d1878ed0b9,boulder,dsmash,cstick,after_step,48,49,,0,,,,0,0
9cf312b0d76a11d9b79e6b4100f848d1878ed0b9,boulder,dsmash,cstick,after_step,49,1,,0,,,,0,0
9cf312b0d76a11d9b79e6b4100f848d1878ed0b9,boulder,dash_attack,from_dash,after_step,3,4,,0,,,,0,0
9cf312b0d76a11d9b79e6b4100f848d1878ed0b9,boulder,dash_attack,from_dash,after_step,4,1,,0,,,,0,0
9cf312b0d76a11d9b79e6b4100f848d1878ed0b9,boulder,dash_attack,from_dash,after_step,5,2,,0,,,,0,0
9cf312b0d76a11d9b79e6b4100f848d1878ed0b9,boulder,dash_attack,from_dash,after_step,6,3,,0,,,,0,0
9cf312b0d76a11d9b79e6b4100f848d1878ed0b9,boulder,dash_attack,from_dash,after_step,7,4,,0,,,,0,0
9cf312b0d76a11d9b79e6b4100f848d1878ed0b9,boulder,dash_attack,from_dash,after_step,8,5,,0,,,,0,0
9cf312b0d76a11d9b79e6b4100f848d1878ed0b9,boulder,dash_attack,from_dash,after_step,9,6,,0,,,,0,0
9cf312b0d76a11d9b79e6b4100f848d1878ed0b9,boulder,dash_attack,from_dash,after_step,10,7,,0,,,,0,0
9cf312b0d76a11d9b79e6b4100f848d1878ed0b9,boulder,dash_attack,from_dash,after_step,11,8,,0,,,,0,0
9cf312b0d76a11d9b79e6b4100f848d1878ed0b9,boulder,dash_attack,from_dash,after_step,12,9,clean,1,43.275,25.000,12.500,0,0
9cf312b0d76a11d9b79e6b4100f848d1878ed0b9,boulder,dash_attack,from_dash,after_step,13,10,clean,1,44.450,25.000,12.500,0,0
9cf312b0d76a11d9b79e6b4100f848d1878ed0b9,boulder,dash_attack,from_dash,after_step,14,11,clean,1,45.445,25.000,12.500,0,0
9cf312b0d76a11d9b79e6b4100f848d1878ed0b9,boulder,dash_attack,from_dash,after_step,15,12,clean,1,46.260,25.000,12.500,0,0
9cf312b0d76a11d9b79e6b4100f848d1878ed0b9,boulder,dash_attack,from_dash,after_step,16,13,clean,1,46.895,25.000,12.500,0,0
9cf312b0d76a11d9b79e6b4100f848d1878ed0b9,boulder,dash_attack,from_dash,after_step,17,14,late,1,47.350,25.000,12.500,0,0
9cf312b0d76a11d9b79e6b4100f848d1878ed0b9,boulder,dash_attack,from_dash,after_step,18,15,late,1,47.625,25.000,12.500,0,0
9cf312b0d76a11d9b79e6b4100f848d1878ed0b9,boulder,dash_attack,from_dash,after_step,19,16,late,1,47.720,25.000,12.500,0,0
9cf312b0d76a11d9b79e6b4100f848d1878ed0b9,boulder,dash_attack,from_dash,after_step,20,17,late,1,47.720,25.000,12.500,0,0
9cf312b0d76a11d9b79e6b4100f848d1878ed0b9,boulder,dash_attack,from_dash,after_step,21,18,late,1,47.720,25.000,12.500,0,0
9cf312b0d76a11d9b79e6b4100f848d1878ed0b9,boulder,dash_attack,from_dash,after_step,22,19,late,1,47.720,25.000,12.500,0,0
9cf312b0d76a11d9b79e6b4100f848d1878ed0b9,boulder,dash_attack,from_dash,after_step,23,20,,0,,,,0,0
9cf312b0d76a11d9b79e6b4100f848d1878ed0b9,boulder,dash_attack,from_dash,after_step,24,21,,0,,,,0,0
9cf312b0d76a11d9b79e6b4100f848d1878ed0b9,boulder,dash_attack,from_dash,after_step,25,22,,0,,,,0,0
9cf312b0d76a11d9b79e6b4100f848d1878ed0b9,boulder,dash_attack,from_dash,after_step,26,23,,0,,,,0,0
9cf312b0d76a11d9b79e6b4100f848d1878ed0b9,boulder,dash_attack,from_dash,after_step,27,24,,0,,,,0,0
9cf312b0d76a11d9b79e6b4100f848d1878ed0b9,boulder,dash_attack,from_dash,after_step,28,25,,0,,,,0,0
9cf312b0d76a11d9b79e6b4100f848d1878ed0b9,boulder,dash_attack,from_dash,after_step,29,26,,0,,,,0,0
9cf312b0d76a11d9b79e6b4100f848d1878ed0b9,boulder,dash_attack,from_dash,after_step,30,27,,0,,,,0,0
9cf312b0d76a11d9b79e6b4100f848d1878ed0b9,boulder,dash_attack,from_dash,after_step,31,28,,0,,,,0,0
9cf312b0d76a11d9b79e6b4100f848d1878ed0b9,boulder,dash_attack,from_dash,after_step,32,29,,0,,,,0,0
9cf312b0d76a11d9b79e6b4100f848d1878ed0b9,boulder,dash_attack,from_dash,after_step,33,30,,0,,,,0,0
9cf312b0d76a11d9b79e6b4100f848d1878ed0b9,boulder,dash_attack,from_dash,after_step,34,31,,0,,,,0,0
9cf312b0d76a11d9b79e6b4100f848d1878ed0b9,boulder,dash_attack,from_dash,after_step,35,32,,0,,,,0,0
9cf312b0d76a11d9b79e6b4100f848d1878ed0b9,boulder,dash_attack,from_dash,after_step,36,33,,0,,,,0,0
9cf312b0d76a11d9b79e6b4100f848d1878ed0b9,boulder,dash_attack,from_dash,after_step,37,34,,0,,,,0,0
9cf312b0d76a11d9b79e6b4100f848d1878ed0b9,boulder,dash_attack,from_dash,after_step,38,35,,0,,,,0,0
9cf312b0d76a11d9b79e6b4100f848d1878ed0b9,boulder,dash_attack,from_dash,after_step,39,36,,0,,,,0,0
9cf312b0d76a11d9b79e6b4100f848d1878ed0b9,boulder,dash_attack,from_dash,after_step,40,37,,0,,,,0,0
9cf312b0d76a11d9b79e6b4100f848d1878ed0b9,boulder,dash_attack,from_dash,after_step,41,38,,0,,,,0,0
9cf312b0d76a11d9b79e6b4100f848d1878ed0b9,boulder,dash_attack,from_dash,after_step,42,39,,0,,,,0,0
9cf312b0d76a11d9b79e6b4100f848d1878ed0b9,boulder,dash_attack,from_dash,after_step,43,40,,0,,,,0,0
9cf312b0d76a11d9b79e6b4100f848d1878ed0b9,boulder,dash_attack,from_dash,after_step,44,41,,0,,,,0,0
9cf312b0d76a11d9b79e6b4100f848d1878ed0b9,boulder,dash_attack,from_dash,after_step,45,42,,0,,,,0,0
9cf312b0d76a11d9b79e6b4100f848d1878ed0b9,boulder,dash_attack,from_dash,after_step,46,43,,0,,,,0,0
9cf312b0d76a11d9b79e6b4100f848d1878ed0b9,boulder,dash_attack,from_dash,after_step,47,44,,0,,,,0,0
9cf312b0d76a11d9b79e6b4100f848d1878ed0b9,boulder,dash_attack,from_dash,after_step,48,45,,0,,,,0,0
9cf312b0d76a11d9b79e6b4100f848d1878ed0b9,boulder,dash_attack,from_dash,after_step,49,46,,0,,,,0,0
9cf312b0d76a11d9b79e6b4100f848d1878ed0b9,boulder,dash_attack,from_dash,after_step,50,47,,0,,,,0,0
9cf312b0d76a11d9b79e6b4100f848d1878ed0b9,boulder,dash_attack,from_dash,after_step,51,48,,0,,,,0,0
9cf312b0d76a11d9b79e6b4100f848d1878ed0b9,boulder,dash_attack,from_dash,after_step,52,1,,0,,,,0,0
9cf312b0d76a11d9b79e6b4100f848d1878ed0b9,boulder,nair,fullhop,after_step,7,3,,0,,,,0,0
9cf312b0d76a11d9b79e6b4100f848d1878ed0b9,boulder,nair,fullhop,after_step,8,1,,0,,,,0,0
9cf312b0d76a11d9b79e6b4100f848d1878ed0b9,boulder,nair,fullhop,after_step,9,2,,0,,,,0,0
9cf312b0d76a11d9b79e6b4100f848d1878ed0b9,boulder,nair,fullhop,after_step,10,3,,0,,,,0,0
9cf312b0d76a11d9b79e6b4100f848d1878ed0b9,boulder,nair,fullhop,after_step,11,4,,0,,,,0,0
9cf312b0d76a11d9b79e6b4100f848d1878ed0b9,boulder,nair,fullhop,after_step,12,5,clean,1,14.000,56.440,13.500,0,0
9cf312b0d76a11d9b79e6b4100f848d1878ed0b9,boulder,nair,fullhop,after_step,13,6,clean,1,14.000,59.450,13.500,0,0
9cf312b0d76a11d9b79e6b4100f848d1878ed0b9,boulder,nair,fullhop,after_step,14,7,clean,1,14.000,62.200,13.500,0,0
9cf312b0d76a11d9b79e6b4100f848d1878ed0b9,boulder,nair,fullhop,after_step,15,8,clean,1,14.000,64.690,13.500,0,0
9cf312b0d76a11d9b79e6b4100f848d1878ed0b9,boulder,nair,fullhop,after_step,16,9,clean,1,14.000,66.920,13.500,0,0
9cf312b0d76a11d9b79e6b4100f848d1878ed0b9,boulder,nair,fullhop,after_step,17,10,clean,1,14.000,68.890,13.500,0,0
9cf312b0d76a11d9b79e6b4100f848d1878ed0b9,boulder,nair,fullhop,after_step,18,11,late,1,14.000,70.600,13.500,0,0
9cf312b0d76a11d9b79e6b4100f848d1878ed0b9,boulder,nair,fullhop,after_step,19,12,late,1,14.000,72.050,13.500,0,0
9cf312b0d76a11d9b79e6b4100f848d1878ed0b9,boulder,nair,fullhop,after_step,20,13,late,1,14.000,73.240,13.500,0,0
9cf312b0d76a11d9b79e6b4100f848d1878ed0b9,boulder,nair,fullhop,after_step,21,14,late,1,14.000,74.170,13.500,0,0
9cf312b0d76a11d9b79e6b4100f848d1878ed0b9,boulder,nair,fullhop,after_step,22,15,late,1,14.000,74.840,13.500,0,0
9cf312b0d76a11d9b79e6b4100f848d1878ed0b9,boulder,nair,fullhop,after_step,23,16,late,1,14.000,75.250,13.500,0,0
9cf312b0d76a11d9b79e6b4100f848d1878ed0b9,boulder,nair,fullhop,after_step,24,17,late,1,14.000,75.400,13.500,0,0
9cf312b0d76a11d9b79e6b4100f848d1878ed0b9,boulder,nair,fullhop,after_step,25,18,late,1,14.000,75.290,13.500,0,0
9cf312b0d76a11d9b79e6b4100f848d1878ed0b9,boulder,nair,fullhop,after_step,26,19,late,1,14.000,74.920,13.500,0,0
9cf312b0d76a11d9b79e6b4100f848d1878ed0b9,boulder,nair,fullhop,after_step,27,20,late,1,14.000,74.290,13.500,0,0
9cf312b0d76a11d9b79e6b4100f848d1878ed0b9,boulder,nair,fullhop,after_step,28,21,late,1,14.000,73.400,13.500,0,0
9cf312b0d76a11d9b79e6b4100f848d1878ed0b9,boulder,nair,fullhop,after_step,29,22,late,1,14.000,72.250,13.500,0,0
9cf312b0d76a11d9b79e6b4100f848d1878ed0b9,boulder,nair,fullhop,after_step,30,23,late,1,14.000,70.840,13.500,0,0
9cf312b0d76a11d9b79e6b4100f848d1878ed0b9,boulder,nair,fullhop,after_step,31,24,late,1,14.000,69.170,13.500,0,0
9cf312b0d76a11d9b79e6b4100f848d1878ed0b9,boulder,nair,fullhop,after_step,32,25,late,1,14.000,67.240,13.500,0,0
9cf312b0d76a11d9b79e6b4100f848d1878ed0b9,boulder,nair,fullhop,after_step,33,26,late,1,14.000,65.050,13.500,0,0
9cf312b0d76a11d9b79e6b4100f848d1878ed0b9,boulder,nair,fullhop,after_step,34,27,late,1,14.000,62.600,13.500,0,0
9cf312b0d76a11d9b79e6b4100f848d1878ed0b9,boulder,nair,fullhop,after_step,35,28,late,1,14.000,59.890,13.500,0,0
9cf312b0d76a11d9b79e6b4100f848d1878ed0b9,boulder,nair,fullhop,after_step,36,29,late,1,14.000,56.920,13.500,0,0
9cf312b0d76a11d9b79e6b4100f848d1878ed0b9,boulder,nair,fullhop,after_step,37,30,late,1,14.000,53.690,13.500,0,0
9cf312b0d76a11d9b79e6b4100f848d1878ed0b9,boulder,nair,fullhop,after_step,38,31,late,1,14.000,50.200,13.500,0,0
9cf312b0d76a11d9b79e6b4100f848d1878ed0b9,boulder,nair,fullhop,after_step,39,32,late,1,14.000,46.450,13.500,0,0
9cf312b0d76a11d9b79e6b4100f848d1878ed0b9,boulder,nair,fullhop,after_step,40,33,,0,,,,0,0
9cf312b0d76a11d9b79e6b4100f848d1878ed0b9,boulder,nair,fullhop,after_step,41,34,,0,,,,0,0
9cf312b0d76a11d9b79e6b4100f848d1878ed0b9,boulder,nair,fullhop,after_step,42,35,,0,,,,0,0
9cf312b0d76a11d9b79e6b4100f848d1878ed0b9,boulder,nair,fullhop,after_step,43,36,,0,,,,0,0
9cf312b0d76a11d9b79e6b4100f848d1878ed0b9,boulder,nair,fullhop,after_step,44,37,,0,,,,0,0
9cf312b0d76a11d9b79e6b4100f848d1878ed0b9,boulder,nair,fullhop,after_step,45,1,,0,,,,0,0
9cf312b0d76a11d9b79e6b4100f848d1878ed0b9,boulder,fair,fullhop,after_step,7,3,,0,,,,0,0
9cf312b0d76a11d9b79e6b4100f848d1878ed0b9,boulder,fair,fullhop,after_step,8,1,,0,,,,0,0
9cf312b0d76a11d9b79e6b4100f848d1878ed0b9,boulder,fair,fullhop,after_step,9,2,,0,,,,0,0
9cf312b0d76a11d9b79e6b4100f848d1878ed0b9,boulder,fair,fullhop,after_step,10,3,,0,,,,0,0
9cf312b0d76a11d9b79e6b4100f848d1878ed0b9,boulder,fair,fullhop,after_step,11,4,,0,,,,0,0
9cf312b0d76a11d9b79e6b4100f848d1878ed0b9,boulder,fair,fullhop,after_step,12,5,,0,,,,0,0
9cf312b0d76a11d9b79e6b4100f848d1878ed0b9,boulder,fair,fullhop,after_step,13,6,,0,,,,0,0
9cf312b0d76a11d9b79e6b4100f848d1878ed0b9,boulder,fair,fullhop,after_step,14,7,,0,,,,0,0
9cf312b0d76a11d9b79e6b4100f848d1878ed0b9,boulder,fair,fullhop,after_step,15,8,,0,,,,0,0
9cf312b0d76a11d9b79e6b4100f848d1878ed0b9,boulder,fair,fullhop,after_step,16,9,,0,,,,0,0
9cf312b0d76a11d9b79e6b4100f848d1878ed0b9,boulder,fair,fullhop,after_step,17,10,,0,,,,0,0
9cf312b0d76a11d9b79e6b4100f848d1878ed0b9,boulder,fair,fullhop,after_step,18,11,clean,1,23.050,71.600,12.000,0,0
9cf312b0d76a11d9b79e6b4100f848d1878ed0b9,boulder,fair,fullhop,after_step,19,12,clean,1,23.050,73.050,12.000,0,0
9cf312b0d76a11d9b79e6b4100f848d1878ed0b9,boulder,fair,fullhop,after_step,20,13,clean,1,23.050,74.240,12.000,0,0
9cf312b0d76a11d9b79e6b4100f848d1878ed0b9,boulder,fair,fullhop,after_step,21,14,clean,1,23.050,75.170,12.000,0,0
9cf312b0d76a11d9b79e6b4100f848d1878ed0b9,boulder,fair,fullhop,after_step,22,15,clean,1,23.050,75.840,12.000,0,0
9cf312b0d76a11d9b79e6b4100f848d1878ed0b9,boulder,fair,fullhop,after_step,23,16,,0,,,,0,0
9cf312b0d76a11d9b79e6b4100f848d1878ed0b9,boulder,fair,fullhop,after_step,24,17,,0,,,,0,0
9cf312b0d76a11d9b79e6b4100f848d1878ed0b9,boulder,fair,fullhop,after_step,25,18,,0,,,,0,0
9cf312b0d76a11d9b79e6b4100f848d1878ed0b9,boulder,fair,fullhop,after_step,26,19,,0,,,,0,0
9cf312b0d76a11d9b79e6b4100f848d1878ed0b9,boulder,fair,fullhop,after_step,27,20,,0,,,,0,0
9cf312b0d76a11d9b79e6b4100f848d1878ed0b9,boulder,fair,fullhop,after_step,28,21,,0,,,,0,0
9cf312b0d76a11d9b79e6b4100f848d1878ed0b9,boulder,fair,fullhop,after_step,29,22,,0,,,,0,0
9cf312b0d76a11d9b79e6b4100f848d1878ed0b9,boulder,fair,fullhop,after_step,30,23,,0,,,,0,0
9cf312b0d76a11d9b79e6b4100f848d1878ed0b9,boulder,fair,fullhop,after_step,31,24,,0,,,,0,0
9cf312b0d76a11d9b79e6b4100f848d1878ed0b9,boulder,fair,fullhop,after_step,32,25,,0,,,,0,0
9cf312b0d76a11d9b79e6b4100f848d1878ed0b9,boulder,fair,fullhop,after_step,33,26,,0,,,,0,0
9cf312b0d76a11d9b79e6b4100f848d1878ed0b9,boulder,fair,fullhop,after_step,34,27,,0,,,,0,0
9cf312b0d76a11d9b79e6b4100f848d1878ed0b9,boulder,fair,fullhop,after_step,35,28,,0,,,,0,0
9cf312b0d76a11d9b79e6b4100f848d1878ed0b9,boulder,fair,fullhop,after_step,36,29,,0,,,,0,0
9cf312b0d76a11d9b79e6b4100f848d1878ed0b9,boulder,fair,fullhop,after_step,37,30,,0,,,,0,0
9cf312b0d76a11d9b79e6b4100f848d1878ed0b9,boulder,fair,fullhop,after_step,38,31,,0,,,,0,0
9cf312b0d76a11d9b79e6b4100f848d1878ed0b9,boulder,fair,fullhop,after_step,39,32,,0,,,,0,0
9cf312b0d76a11d9b79e6b4100f848d1878ed0b9,boulder,fair,fullhop,after_step,40,33,,0,,,,0,0
9cf312b0d76a11d9b79e6b4100f848d1878ed0b9,boulder,fair,fullhop,after_step,41,34,,0,,,,0,0
9cf312b0d76a11d9b79e6b4100f848d1878ed0b9,boulder,fair,fullhop,after_step,42,35,,0,,,,0,0
9cf312b0d76a11d9b79e6b4100f848d1878ed0b9,boulder,fair,fullhop,after_step,43,36,,0,,,,0,0
9cf312b0d76a11d9b79e6b4100f848d1878ed0b9,boulder,fair,fullhop,after_step,44,37,,0,,,,0,0
9cf312b0d76a11d9b79e6b4100f848d1878ed0b9,boulder,fair,fullhop,after_step,45,1,,0,,,,0,0
9cf312b0d76a11d9b79e6b4100f848d1878ed0b9,boulder,bair,fullhop,after_step,7,3,,0,,,,0,0
9cf312b0d76a11d9b79e6b4100f848d1878ed0b9,boulder,bair,fullhop,after_step,8,1,,0,,,,0,0
9cf312b0d76a11d9b79e6b4100f848d1878ed0b9,boulder,bair,fullhop,after_step,9,2,,0,,,,0,0
9cf312b0d76a11d9b79e6b4100f848d1878ed0b9,boulder,bair,fullhop,after_step,10,3,,0,,,,0,0
9cf312b0d76a11d9b79e6b4100f848d1878ed0b9,boulder,bair,fullhop,after_step,11,4,,0,,,,0,0
9cf312b0d76a11d9b79e6b4100f848d1878ed0b9,boulder,bair,fullhop,after_step,12,5,,0,,,,0,0
9cf312b0d76a11d9b79e6b4100f848d1878ed0b9,boulder,bair,fullhop,after_step,13,6,,0,,,,0,0
9cf312b0d76a11d9b79e6b4100f848d1878ed0b9,boulder,bair,fullhop,after_step,14,7,,0,,,,0,0
9cf312b0d76a11d9b79e6b4100f848d1878ed0b9,boulder,bair,fullhop,after_step,15,8,clean,1,-23.020,64.690,12.000,0,0
9cf312b0d76a11d9b79e6b4100f848d1878ed0b9,boulder,bair,fullhop,after_step,16,9,clean,1,-23.050,66.920,12.000,0,0
9cf312b0d76a11d9b79e6b4100f848d1878ed0b9,boulder,bair,fullhop,after_step,17,10,clean,1,-23.050,68.890,12.000,0,0
9cf312b0d76a11d9b79e6b4100f848d1878ed0b9,boulder,bair,fullhop,after_step,18,11,clean,1,-23.050,70.600,12.000,0,0
9cf312b0d76a11d9b79e6b4100f848d1878ed0b9,boulder,bair,fullhop,after_step,19,12,clean,1,-23.050,72.050,12.000,0,0
9cf312b0d76a11d9b79e6b4100f848d1878ed0b9,boulder,bair,fullhop,after_step,20,13,late,1,-23.050,73.240,12.000,0,0
9cf312b0d76a11d9b79e6b4100f848d1878ed0b9,boulder,bair,fullhop,after_step,21,14,late,1,-23.050,74.170,12.000,0,0
9cf312b0d76a11d9b79e6b4100f848d1878ed0b9,boulder,bair,fullhop,after_step,22,15,late,1,-23.050,74.840,12.000,0,0
9cf312b0d76a11d9b79e6b4100f848d1878ed0b9,boulder,bair,fullhop,after_step,23,16,late,1,-23.050,75.250,12.000,0,0
9cf312b0d76a11d9b79e6b4100f848d1878ed0b9,boulder,bair,fullhop,after_step,24,17,late,1,-23.050,75.400,12.000,0,0
9cf312b0d76a11d9b79e6b4100f848d1878ed0b9,boulder,bair,fullhop,after_step,25,18,late,1,-23.050,75.290,12.000,0,0
9cf312b0d76a11d9b79e6b4100f848d1878ed0b9,boulder,bair,fullhop,after_step,26,19,late,1,-23.050,74.920,12.000,0,0
9cf312b0d76a11d9b79e6b4100f848d1878ed0b9,boulder,bair,fullhop,after_step,27,20,late,1,-23.050,74.290,12.000,0,0
9cf312b0d76a11d9b79e6b4100f848d1878ed0b9,boulder,bair,fullhop,after_step,28,21,late,1,-23.050,73.400,12.000,0,0
9cf312b0d76a11d9b79e6b4100f848d1878ed0b9,boulder,bair,fullhop,after_step,29,22,late,1,-23.050,72.250,12.000,0,0
9cf312b0d76a11d9b79e6b4100f848d1878ed0b9,boulder,bair,fullhop,after_step,30,23,,0,,,,0,0
9cf312b0d76a11d9b79e6b4100f848d1878ed0b9,boulder,bair,fullhop,after_step,31,24,,0,,,,0,0
9cf312b0d76a11d9b79e6b4100f848d1878ed0b9,boulder,bair,fullhop,after_step,32,25,,0,,,,0,0
9cf312b0d76a11d9b79e6b4100f848d1878ed0b9,boulder,bair,fullhop,after_step,33,26,,0,,,,0,0
9cf312b0d76a11d9b79e6b4100f848d1878ed0b9,boulder,bair,fullhop,after_step,34,27,,0,,,,0,0
9cf312b0d76a11d9b79e6b4100f848d1878ed0b9,boulder,bair,fullhop,after_step,35,28,,0,,,,0,0
9cf312b0d76a11d9b79e6b4100f848d1878ed0b9,boulder,bair,fullhop,after_step,36,29,,0,,,,0,0
9cf312b0d76a11d9b79e6b4100f848d1878ed0b9,boulder,bair,fullhop,after_step,37,30,,0,,,,0,0
9cf312b0d76a11d9b79e6b4100f848d1878ed0b9,boulder,bair,fullhop,after_step,38,31,,0,,,,0,0
9cf312b0d76a11d9b79e6b4100f848d1878ed0b9,boulder,bair,fullhop,after_step,39,32,,0,,,,0,0
9cf312b0d76a11d9b79e6b4100f848d1878ed0b9,boulder,bair,fullhop,after_step,40,33,,0,,,,0,0
9cf312b0d76a11d9b79e6b4100f848d1878ed0b9,boulder,bair,fullhop,after_step,41,34,,0,,,,0,0
9cf312b0d76a11d9b79e6b4100f848d1878ed0b9,boulder,bair,fullhop,after_step,42,35,,0,,,,0,0
9cf312b0d76a11d9b79e6b4100f848d1878ed0b9,boulder,bair,fullhop,after_step,43,36,,0,,,,0,0
9cf312b0d76a11d9b79e6b4100f848d1878ed0b9,boulder,bair,fullhop,after_step,44,37,,0,,,,0,0
9cf312b0d76a11d9b79e6b4100f848d1878ed0b9,boulder,bair,fullhop,after_step,45,1,,0,,,,0,0
9cf312b0d76a11d9b79e6b4100f848d1878ed0b9,boulder,uair,fullhop,after_step,7,3,,0,,,,0,0
9cf312b0d76a11d9b79e6b4100f848d1878ed0b9,boulder,uair,fullhop,after_step,8,1,,0,,,,0,0
9cf312b0d76a11d9b79e6b4100f848d1878ed0b9,boulder,uair,fullhop,after_step,9,2,,0,,,,0,0
9cf312b0d76a11d9b79e6b4100f848d1878ed0b9,boulder,uair,fullhop,after_step,10,3,,0,,,,0,0
9cf312b0d76a11d9b79e6b4100f848d1878ed0b9,boulder,uair,fullhop,after_step,11,4,,0,,,,0,0
9cf312b0d76a11d9b79e6b4100f848d1878ed0b9,boulder,uair,fullhop,after_step,12,5,,0,,,,0,0
9cf312b0d76a11d9b79e6b4100f848d1878ed0b9,boulder,uair,fullhop,after_step,13,6,,0,,,,0,0
9cf312b0d76a11d9b79e6b4100f848d1878ed0b9,boulder,uair,fullhop,after_step,14,7,,0,,,,0,0
9cf312b0d76a11d9b79e6b4100f848d1878ed0b9,boulder,uair,fullhop,after_step,15,8,,0,,,,0,0
9cf312b0d76a11d9b79e6b4100f848d1878ed0b9,boulder,uair,fullhop,after_step,16,9,clean,1,2.000,83.920,12.500,0,0
9cf312b0d76a11d9b79e6b4100f848d1878ed0b9,boulder,uair,fullhop,after_step,17,10,clean,1,2.000,85.890,12.500,0,0
9cf312b0d76a11d9b79e6b4100f848d1878ed0b9,boulder,uair,fullhop,after_step,18,11,clean,1,2.000,87.600,12.500,0,0
9cf312b0d76a11d9b79e6b4100f848d1878ed0b9,boulder,uair,fullhop,after_step,19,12,clean,1,2.000,89.050,12.500,0,0
9cf312b0d76a11d9b79e6b4100f848d1878ed0b9,boulder,uair,fullhop,after_step,20,13,clean,1,2.000,90.240,12.500,0,0
9cf312b0d76a11d9b79e6b4100f848d1878ed0b9,boulder,uair,fullhop,after_step,21,14,,0,,,,0,0
9cf312b0d76a11d9b79e6b4100f848d1878ed0b9,boulder,uair,fullhop,after_step,22,15,,0,,,,0,0
9cf312b0d76a11d9b79e6b4100f848d1878ed0b9,boulder,uair,fullhop,after_step,23,16,,0,,,,0,0
9cf312b0d76a11d9b79e6b4100f848d1878ed0b9,boulder,uair,fullhop,after_step,24,17,,0,,,,0,0
9cf312b0d76a11d9b79e6b4100f848d1878ed0b9,boulder,uair,fullhop,after_step,25,18,,0,,,,0,0
9cf312b0d76a11d9b79e6b4100f848d1878ed0b9,boulder,uair,fullhop,after_step,26,19,,0,,,,0,0
9cf312b0d76a11d9b79e6b4100f848d1878ed0b9,boulder,uair,fullhop,after_step,27,20,,0,,,,0,0
9cf312b0d76a11d9b79e6b4100f848d1878ed0b9,boulder,uair,fullhop,after_step,28,21,,0,,,,0,0
9cf312b0d76a11d9b79e6b4100f848d1878ed0b9,boulder,uair,fullhop,after_step,29,22,,0,,,,0,0
9cf312b0d76a11d9b79e6b4100f848d1878ed0b9,boulder,uair,fullhop,after_step,30,23,,0,,,,0,0
9cf312b0d76a11d9b79e6b4100f848d1878ed0b9,boulder,uair,fullhop,after_step,31,24,,0,,,,0,0
9cf312b0d76a11d9b79e6b4100f848d1878ed0b9,boulder,uair,fullhop,after_step,32,25,,0,,,,0,0
9cf312b0d76a11d9b79e6b4100f848d1878ed0b9,boulder,uair,fullhop,after_step,33,26,,0,,,,0,0
9cf312b0d76a11d9b79e6b4100f848d1878ed0b9,boulder,uair,fullhop,after_step,34,27,,0,,,,0,0
9cf312b0d76a11d9b79e6b4100f848d1878ed0b9,boulder,uair,fullhop,after_step,35,28,,0,,,,0,0
9cf312b0d76a11d9b79e6b4100f848d1878ed0b9,boulder,uair,fullhop,after_step,36,29,,0,,,,0,0
9cf312b0d76a11d9b79e6b4100f848d1878ed0b9,boulder,uair,fullhop,after_step,37,30,,0,,,,0,0
9cf312b0d76a11d9b79e6b4100f848d1878ed0b9,boulder,uair,fullhop,after_step,38,31,,0,,,,0,0
9cf312b0d76a11d9b79e6b4100f848d1878ed0b9,boulder,uair,fullhop,after_step,39,32,,0,,,,0,0
9cf312b0d76a11d9b79e6b4100f848d1878ed0b9,boulder,uair,fullhop,after_step,40,33,,0,,,,0,0
9cf312b0d76a11d9b79e6b4100f848d1878ed0b9,boulder,uair,fullhop,after_step,41,34,,0,,,,0,0
9cf312b0d76a11d9b79e6b4100f848d1878ed0b9,boulder,uair,fullhop,after_step,42,35,,0,,,,0,0
9cf312b0d76a11d9b79e6b4100f848d1878ed0b9,boulder,uair,fullhop,after_step,43,36,,0,,,,0,0
9cf312b0d76a11d9b79e6b4100f848d1878ed0b9,boulder,uair,fullhop,after_step,44,37,,0,,,,0,0
9cf312b0d76a11d9b79e6b4100f848d1878ed0b9,boulder,uair,fullhop,after_step,45,1,,0,,,,0,0
9cf312b0d76a11d9b79e6b4100f848d1878ed0b9,boulder,dair,fullhop,after_step,7,3,,0,,,,0,0
9cf312b0d76a11d9b79e6b4100f848d1878ed0b9,boulder,dair,fullhop,after_step,8,1,,0,,,,0,0
9cf312b0d76a11d9b79e6b4100f848d1878ed0b9,boulder,dair,fullhop,after_step,9,2,,0,,,,0,0
9cf312b0d76a11d9b79e6b4100f848d1878ed0b9,boulder,dair,fullhop,after_step,10,3,,0,,,,0,0
9cf312b0d76a11d9b79e6b4100f848d1878ed0b9,boulder,dair,fullhop,after_step,11,4,,0,,,,0,0
9cf312b0d76a11d9b79e6b4100f848d1878ed0b9,boulder,dair,fullhop,after_step,12,5,,0,,,,0,0
9cf312b0d76a11d9b79e6b4100f848d1878ed0b9,boulder,dair,fullhop,after_step,13,6,,0,,,,0,0
9cf312b0d76a11d9b79e6b4100f848d1878ed0b9,boulder,dair,fullhop,after_step,14,7,,0,,,,0,0
9cf312b0d76a11d9b79e6b4100f848d1878ed0b9,boulder,dair,fullhop,after_step,15,8,,0,,,,0,0
9cf312b0d76a11d9b79e6b4100f848d1878ed0b9,boulder,dair,fullhop,after_step,16,9,,0,,,,0,0
9cf312b0d76a11d9b79e6b4100f848d1878ed0b9,boulder,dair,fullhop,after_step,17,10,,0,,,,0,0
9cf312b0d76a11d9b79e6b4100f848d1878ed0b9,boulder,dair,fullhop,after_step,18,11,,0,,,,0,0
9cf312b0d76a11d9b79e6b4100f848d1878ed0b9,boulder,dair,fullhop,after_step,19,12,,0,,,,0,0
9cf312b0d76a11d9b79e6b4100f848d1878ed0b9,boulder,dair,fullhop,after_step,20,13,clean,1,9.000,49.240,12.000,0,0
9cf312b0d76a11d9b79e6b4100f848d1878ed0b9,boulder,dair,fullhop,after_step,21,14,clean,1,9.000,50.170,12.000,0,0
9cf312b0d76a11d9b79e6b4100f848d1878ed0b9,boulder,dair,fullhop,after_step,22,15,clean,1,9.000,50.840,12.000,0,0
9cf312b0d76a11d9b79e6b4100f848d1878ed0b9,boulder,dair,fullhop,after_step,23,16,clean,1,9.000,51.250,12.000,0,0
9cf312b0d76a11d9b79e6b4100f848d1878ed0b9,boulder,dair,fullhop,after_step,24,17,clean,1,9.000,51.400,12.000,0,0
9cf312b0d76a11d9b79e6b4100f848d1878ed0b9,boulder,dair,fullhop,after_step,25,18,clean,1,9.000,51.290,12.000,0,0
9cf312b0d76a11d9b79e6b4100f848d1878ed0b9,boulder,dair,fullhop,after_step,26,19,,0,,,,0,0
9cf312b0d76a11d9b79e6b4100f848d1878ed0b9,boulder,dair,fullhop,after_step,27,20,,0,,,,0,0
9cf312b0d76a11d9b79e6b4100f848d1878ed0b9,boulder,dair,fullhop,after_step,28,21,,0,,,,0,0
9cf312b0d76a11d9b79e6b4100f848d1878ed0b9,boulder,dair,fullhop,after_step,29,22,,0,,,,0,0
9cf312b0d76a11d9b79e6b4100f848d1878ed0b9,boulder,dair,fullhop,after_step,30,23,,0,,,,0,0
9cf312b0d76a11d9b79e6b4100f848d1878ed0b9,boulder,dair,fullhop,after_step,31,24,,0,,,,0,0
9cf312b0d76a11d9b79e6b4100f848d1878ed0b9,boulder,dair,fullhop,after_step,32,25,,0,,,,0,0
9cf312b0d76a11d9b79e6b4100f848d1878ed0b9,boulder,dair,fullhop,after_step,33,26,,0,,,,0,0
9cf312b0d76a11d9b79e6b4100f848d1878ed0b9,boulder,dair,fullhop,after_step,34,27,,0,,,,0,0
9cf312b0d76a11d9b79e6b4100f848d1878ed0b9,boulder,dair,fullhop,after_step,35,28,,0,,,,0,0
9cf312b0d76a11d9b79e6b4100f848d1878ed0b9,boulder,dair,fullhop,after_step,36,29,,0,,,,0,0
9cf312b0d76a11d9b79e6b4100f848d1878ed0b9,boulder,dair,fullhop,after_step,37,30,,0,,,,0,0
9cf312b0d76a11d9b79e6b4100f848d1878ed0b9,boulder,dair,fullhop,after_step,38,31,,0,,,,0,0
9cf312b0d76a11d9b79e6b4100f848d1878ed0b9,boulder,dair,fullhop,after_step,39,32,,0,,,,0,0
9cf312b0d76a11d9b79e6b4100f848d1878ed0b9,boulder,dair,fullhop,after_step,40,33,,0,,,,0,0
9cf312b0d76a11d9b79e6b4100f848d1878ed0b9,boulder,dair,fullhop,after_step,41,34,,0,,,,0,0
9cf312b0d76a11d9b79e6b4100f848d1878ed0b9,boulder,dair,fullhop,after_step,42,35,,0,,,,0,0
9cf312b0d76a11d9b79e6b4100f848d1878ed0b9,boulder,dair,fullhop,after_step,43,36,,0,,,,0,0
9cf312b0d76a11d9b79e6b4100f848d1878ed0b9,boulder,dair,fullhop,after_step,44,37,,0,,,,0,0
9cf312b0d76a11d9b79e6b4100f848d1878ed0b9,boulder,dair,fullhop,after_step,45,1,,0,,,,0,0
9cf312b0d76a11d9b79e6b4100f848d1878ed0b9,boulder,special_n,ground,pre_step,0,8,,0,,,,0,0
9cf312b0d76a11d9b79e6b4100f848d1878ed0b9,boulder,special_n,ground,after_step,0,1,,0,,,,0,0
9cf312b0d76a11d9b79e6b4100f848d1878ed0b9,boulder,special_n,ground,after_step,0,1,projectile,1,21.000,18.000,4.000,0,0
9cf312b0d76a11d9b79e6b4100f848d1878ed0b9,boulder,special_n,ground,after_step,1,2,,0,,,,0,0
9cf312b0d76a11d9b79e6b4100f848d1878ed0b9,boulder,special_n,ground,after_step,1,2,projectile,1,28.000,18.000,4.000,0,0
9cf312b0d76a11d9b79e6b4100f848d1878ed0b9,boulder,special_n,ground,after_step,2,3,,0,,,,0,0
9cf312b0d76a11d9b79e6b4100f848d1878ed0b9,boulder,special_n,ground,after_step,2,3,projectile,1,35.000,18.000,4.000,0,0
9cf312b0d76a11d9b79e6b4100f848d1878ed0b9,boulder,special_n,ground,after_step,3,4,,0,,,,0,0
9cf312b0d76a11d9b79e6b4100f848d1878ed0b9,boulder,special_n,ground,after_step,3,4,projectile,1,42.000,18.000,4.000,0,0
9cf312b0d76a11d9b79e6b4100f848d1878ed0b9,boulder,special_n,ground,after_step,4,5,,0,,,,0,0
9cf312b0d76a11d9b79e6b4100f848d1878ed0b9,boulder,special_n,ground,after_step,4,5,projectile,1,49.000,18.000,4.000,0,0
9cf312b0d76a11d9b79e6b4100f848d1878ed0b9,boulder,special_n,ground,after_step,5,6,,0,,,,0,0
9cf312b0d76a11d9b79e6b4100f848d1878ed0b9,boulder,special_n,ground,after_step,5,6,projectile,1,56.000,18.000,4.000,0,0
9cf312b0d76a11d9b79e6b4100f848d1878ed0b9,boulder,special_n,ground,after_step,6,7,,0,,,,0,0
9cf312b0d76a11d9b79e6b4100f848d1878ed0b9,boulder,special_n,ground,after_step,6,7,projectile,1,63.000,18.000,4.000,0,0
9cf312b0d76a11d9b79e6b4100f848d1878ed0b9,boulder,special_n,ground,after_step,7,8,,0,,,,0,0
9cf312b0d76a11d9b79e6b4100f848d1878ed0b9,boulder,special_n,ground,after_step,7,8,projectile,1,70.000,18.000,4.000,0,0
9cf312b0d76a11d9b79e6b4100f848d1878ed0b9,boulder,special_n,ground,after_step,8,9,,0,,,,0,0
9cf312b0d76a11d9b79e6b4100f848d1878ed0b9,boulder,special_n,ground,after_step,8,9,projectile,1,77.000,18.000,4.000,0,0
9cf312b0d76a11d9b79e6b4100f848d1878ed0b9,boulder,special_n,ground,after_step,9,10,,0,,,,0,0
9cf312b0d76a11d9b79e6b4100f848d1878ed0b9,boulder,special_n,ground,after_step,9,10,projectile,1,84.000,18.000,4.000,0,0
9cf312b0d76a11d9b79e6b4100f848d1878ed0b9,boulder,special_n,ground,after_step,10,11,,0,,,,0,0
9cf312b0d76a11d9b79e6b4100f848d1878ed0b9,boulder,special_n,ground,after_step,10,11,projectile,1,91.000,18.000,4.000,0,0
9cf312b0d76a11d9b79e6b4100f848d1878ed0b9,boulder,special_n,ground,after_step,11,12,,0,,,,0,0
9cf312b0d76a11d9b79e6b4100f848d1878ed0b9,boulder,special_n,ground,after_step,11,12,projectile,1,98.000,18.000,4.000,0,0
9cf312b0d76a11d9b79e6b4100f848d1878ed0b9,boulder,special_n,ground,after_step,12,13,,0,,,,0,1
9cf312b0d76a11d9b79e6b4100f848d1878ed0b9,boulder,special_n,ground,after_step,13,14,clean,1,18.000,25.000,2.000,0,0
9cf312b0d76a11d9b79e6b4100f848d1878ed0b9,boulder,special_n,ground,after_step,14,15,,0,,,,0,0
9cf312b0d76a11d9b79e6b4100f848d1878ed0b9,boulder,special_n,ground,after_step,15,16,,0,,,,0,0
9cf312b0d76a11d9b79e6b4100f848d1878ed0b9,boulder,special_n,ground,after_step,16,17,,0,,,,0,0
9cf312b0d76a11d9b79e6b4100f848d1878ed0b9,boulder,special_n,ground,after_step,17,18,,0,,,,0,0
9cf312b0d76a11d9b79e6b4100f848d1878ed0b9,boulder,special_n,ground,after_step,18,19,,0,,,,0,0
9cf312b0d76a11d9b79e6b4100f848d1878ed0b9,boulder,special_n,ground,after_step,19,20,,0,,,,0,0
9cf312b0d76a11d9b79e6b4100f848d1878ed0b9,boulder,special_n,ground,after_step,20,21,,0,,,,0,0
9cf312b0d76a11d9b79e6b4100f848d1878ed0b9,boulder,special_n,ground,after_step,21,22,,0,,,,0,0
9cf312b0d76a11d9b79e6b4100f848d1878ed0b9,boulder,special_n,ground,after_step,22,23,,0,,,,0,0
9cf312b0d76a11d9b79e6b4100f848d1878ed0b9,boulder,special_n,ground,after_step,23,24,,0,,,,0,0
9cf312b0d76a11d9b79e6b4100f848d1878ed0b9,boulder,special_n,ground,after_step,24,25,,0,,,,0,0
9cf312b0d76a11d9b79e6b4100f848d1878ed0b9,boulder,special_n,ground,after_step,25,26,,0,,,,0,0
9cf312b0d76a11d9b79e6b4100f848d1878ed0b9,boulder,special_n,ground,after_step,26,27,,0,,,,0,0
9cf312b0d76a11d9b79e6b4100f848d1878ed0b9,boulder,special_n,ground,after_step,27,28,,0,,,,0,0
9cf312b0d76a11d9b79e6b4100f848d1878ed0b9,boulder,special_n,ground,after_step,28,29,,0,,,,0,0
9cf312b0d76a11d9b79e6b4100f848d1878ed0b9,boulder,special_n,ground,after_step,29,30,,0,,,,0,0
9cf312b0d76a11d9b79e6b4100f848d1878ed0b9,boulder,special_n,ground,after_step,30,31,,0,,,,0,0
9cf312b0d76a11d9b79e6b4100f848d1878ed0b9,boulder,special_n,ground,after_step,31,32,,0,,,,0,0
9cf312b0d76a11d9b79e6b4100f848d1878ed0b9,boulder,special_n,ground,after_step,32,33,,0,,,,0,0
9cf312b0d76a11d9b79e6b4100f848d1878ed0b9,boulder,special_n,ground,after_step,33,34,,0,,,,0,0
9cf312b0d76a11d9b79e6b4100f848d1878ed0b9,boulder,special_n,ground,after_step,34,35,,0,,,,0,0
9cf312b0d76a11d9b79e6b4100f848d1878ed0b9,boulder,special_n,ground,after_step,35,36,,0,,,,0,0
9cf312b0d76a11d9b79e6b4100f848d1878ed0b9,boulder,special_n,ground,after_step,36,37,,0,,,,0,0
9cf312b0d76a11d9b79e6b4100f848d1878ed0b9,boulder,special_n,ground,after_step,37,38,,0,,,,0,0
9cf312b0d76a11d9b79e6b4100f848d1878ed0b9,boulder,special_n,ground,after_step,38,39,,0,,,,0,0
9cf312b0d76a11d9b79e6b4100f848d1878ed0b9,boulder,special_n,ground,after_step,39,40,,0,,,,0,0
9cf312b0d76a11d9b79e6b4100f848d1878ed0b9,boulder,special_n,ground,after_step,40,41,,0,,,,0,0
9cf312b0d76a11d9b79e6b4100f848d1878ed0b9,boulder,special_n,ground,after_step,41,42,,0,,,,0,0
9cf312b0d76a11d9b79e6b4100f848d1878ed0b9,boulder,special_n,ground,after_step,42,43,,0,,,,0,0
9cf312b0d76a11d9b79e6b4100f848d1878ed0b9,boulder,special_n,ground,after_step,43,1,,0,,,,0,0
9cf312b0d76a11d9b79e6b4100f848d1878ed0b9,boulder,special_up,ground,pre_step,0,8,,0,,,,0,0
9cf312b0d76a11d9b79e6b4100f848d1878ed0b9,boulder,special_up,ground,after_step,0,1,,0,,,,0,0
9cf312b0d76a11d9b79e6b4100f848d1878ed0b9,boulder,special_up,ground,after_step,1,2,,0,,,,0,0
9cf312b0d76a11d9b79e6b4100f848d1878ed0b9,boulder,special_up,ground,after_step,2,3,,0,,,,0,0
9cf312b0d76a11d9b79e6b4100f848d1878ed0b9,boulder,special_up,ground,after_step,3,4,,0,,,,0,0
9cf312b0d76a11d9b79e6b4100f848d1878ed0b9,boulder,special_up,ground,after_step,4,5,,0,,,,0,0
9cf312b0d76a11d9b79e6b4100f848d1878ed0b9,boulder,special_up,ground,after_step,5,6,,0,,,,0,0
9cf312b0d76a11d9b79e6b4100f848d1878ed0b9,boulder,special_up,ground,after_step,6,7,,0,,,,0,0
9cf312b0d76a11d9b79e6b4100f848d1878ed0b9,boulder,special_up,ground,after_step,7,8,,0,,,,0,0
9cf312b0d76a11d9b79e6b4100f848d1878ed0b9,boulder,special_up,ground,after_step,8,9,clean,1,10.850,77.672,15.000,0,0
9cf312b0d76a11d9b79e6b4100f848d1878ed0b9,boulder,special_up,ground,after_step,9,10,clean,1,11.350,81.225,15.000,0,0
9cf312b0d76a11d9b79e6b4100f848d1878ed0b9,boulder,special_up,ground,after_step,10,11,clean,1,11.820,84.517,15.000,0,0
9cf312b0d76a11d9b79e6b4100f848d1878ed0b9,boulder,special_up,ground,after_step,11,12,clean,1,12.260,87.550,15.000,0,0
9cf312b0d76a11d9b79e6b4100f848d1878ed0b9,boulder,special_up,ground,after_step,12,13,clean,1,12.670,90.322,15.000,0,0
9cf312b0d76a11d9b79e6b4100f848d1878ed0b9,boulder,special_up,ground,after_step,13,14,clean,1,13.050,92.835,15.000,0,0
9cf312b0d76a11d9b79e6b4100f848d1878ed0b9,boulder,special_up,ground,after_step,14,15,clean,1,13.400,95.087,15.000,0,0
9cf312b0d76a11d9b79e6b4100f848d1878ed0b9,boulder,special_up,ground,after_step,15,16,clean,1,13.720,97.080,15.000,0,0
9cf312b0d76a11d9b79e6b4100f848d1878ed0b9,boulder,special_up,ground,after_step,16,17,clean,1,14.010,98.812,15.000,0,0
9cf312b0d76a11d9b79e6b4100f848d1878ed0b9,boulder,special_up,ground,after_step,17,18,clean,1,14.270,100.285,15.000,0,0
9cf312b0d76a11d9b79e6b4100f848d1878ed0b9,boulder,special_up,ground,after_step,18,19,,0,,,,0,0
9cf312b0d76a11d9b79e6b4100f848d1878ed0b9,boulder,special_up,ground,after_step,19,20,,0,,,,0,0
9cf312b0d76a11d9b79e6b4100f848d1878ed0b9,boulder,special_up,ground,after_step,20,21,,0,,,,0,0
9cf312b0d76a11d9b79e6b4100f848d1878ed0b9,boulder,special_up,ground,after_step,21,22,,0,,,,0,0
9cf312b0d76a11d9b79e6b4100f848d1878ed0b9,boulder,special_up,ground,after_step,22,23,,0,,,,0,0
9cf312b0d76a11d9b79e6b4100f848d1878ed0b9,boulder,special_up,ground,after_step,23,24,,0,,,,0,0
9cf312b0d76a11d9b79e6b4100f848d1878ed0b9,boulder,special_up,ground,after_step,24,25,,0,,,,0,0
9cf312b0d76a11d9b79e6b4100f848d1878ed0b9,boulder,special_up,ground,after_step,25,26,,0,,,,0,0
9cf312b0d76a11d9b79e6b4100f848d1878ed0b9,boulder,special_up,ground,after_step,26,27,,0,,,,0,0
9cf312b0d76a11d9b79e6b4100f848d1878ed0b9,boulder,special_up,ground,after_step,27,28,,0,,,,0,0
9cf312b0d76a11d9b79e6b4100f848d1878ed0b9,boulder,special_up,ground,after_step,28,29,,0,,,,0,0
9cf312b0d76a11d9b79e6b4100f848d1878ed0b9,boulder,special_up,ground,after_step,29,30,,0,,,,0,0
9cf312b0d76a11d9b79e6b4100f848d1878ed0b9,boulder,special_up,ground,after_step,30,31,,0,,,,0,0
9cf312b0d76a11d9b79e6b4100f848d1878ed0b9,boulder,special_up,ground,after_step,31,32,,0,,,,0,0
9cf312b0d76a11d9b79e6b4100f848d1878ed0b9,boulder,special_up,ground,after_step,32,33,,0,,,,0,0
9cf312b0d76a11d9b79e6b4100f848d1878ed0b9,boulder,special_up,ground,after_step,33,34,,0,,,,0,0
9cf312b0d76a11d9b79e6b4100f848d1878ed0b9,boulder,special_up,ground,after_step,34,35,,0,,,,0,0
9cf312b0d76a11d9b79e6b4100f848d1878ed0b9,boulder,special_up,ground,after_step,35,36,,0,,,,0,0
9cf312b0d76a11d9b79e6b4100f848d1878ed0b9,boulder,special_up,ground,after_step,36,37,,0,,,,0,0
9cf312b0d76a11d9b79e6b4100f848d1878ed0b9,boulder,special_up,ground,after_step,37,38,,0,,,,0,0
9cf312b0d76a11d9b79e6b4100f848d1878ed0b9,boulder,special_up,ground,after_step,38,39,,0,,,,0,0
9cf312b0d76a11d9b79e6b4100f848d1878ed0b9,boulder,special_up,ground,after_step,39,40,,0,,,,0,0
9cf312b0d76a11d9b79e6b4100f848d1878ed0b9,boulder,special_up,ground,after_step,40,41,,0,,,,0,0
9cf312b0d76a11d9b79e6b4100f848d1878ed0b9,boulder,special_up,ground,after_step,41,42,,0,,,,0,0
9cf312b0d76a11d9b79e6b4100f848d1878ed0b9,boulder,special_up,ground,after_step,42,43,,0,,,,0,0
9cf312b0d76a11d9b79e6b4100f848d1878ed0b9,boulder,special_up,ground,after_step,43,44,,0,,,,0,0
9cf312b0d76a11d9b79e6b4100f848d1878ed0b9,boulder,special_up,ground,after_step,44,45,,0,,,,0,0
9cf312b0d76a11d9b79e6b4100f848d1878ed0b9,boulder,special_up,ground,after_step,45,46,,0,,,,0,0
9cf312b0d76a11d9b79e6b4100f848d1878ed0b9,boulder,special_up,ground,after_step,46,47,,0,,,,0,0
9cf312b0d76a11d9b79e6b4100f848d1878ed0b9,boulder,special_up,ground,after_step,47,1,,0,,,,0,0
9cf312b0d76a11d9b79e6b4100f848d1878ed0b9,boulder,special_side,ground,pre_step,0,8,,0,,,,0,0
9cf312b0d76a11d9b79e6b4100f848d1878ed0b9,boulder,special_side,ground,after_step,0,1,,0,,,,0,0
9cf312b0d76a11d9b79e6b4100f848d1878ed0b9,boulder,special_side,ground,after_step,1,2,,0,,,,0,0
9cf312b0d76a11d9b79e6b4100f848d1878ed0b9,boulder,special_side,ground,after_step,2,3,,0,,,,0,0
9cf312b0d76a11d9b79e6b4100f848d1878ed0b9,boulder,special_side,ground,after_step,3,4,,0,,,,0,0
9cf312b0d76a11d9b79e6b4100f848d1878ed0b9,boulder,special_side,ground,after_step,4,5,,0,,,,0,0
9cf312b0d76a11d9b79e6b4100f848d1878ed0b9,boulder,special_side,ground,after_step,5,6,,0,,,,0,0
9cf312b0d76a11d9b79e6b4100f848d1878ed0b9,boulder,special_side,ground,after_step,6,7,,0,,,,0,0
9cf312b0d76a11d9b79e6b4100f848d1878ed0b9,boulder,special_side,ground,after_step,7,8,,0,,,,0,0
9cf312b0d76a11d9b79e6b4100f848d1878ed0b9,boulder,special_side,ground,after_step,8,9,,0,,,,0,0
9cf312b0d76a11d9b79e6b4100f848d1878ed0b9,boulder,special_side,ground,after_step,9,10,,0,,,,0,0
9cf312b0d76a11d9b79e6b4100f848d1878ed0b9,boulder,special_side,ground,after_step,10,11,,0,,,,0,0
9cf312b0d76a11d9b79e6b4100f848d1878ed0b9,boulder,special_side,ground,after_step,11,12,,0,,,,0,0
9cf312b0d76a11d9b79e6b4100f848d1878ed0b9,boulder,special_side,ground,after_step,12,13,,0,,,,0,0
9cf312b0d76a11d9b79e6b4100f848d1878ed0b9,boulder,special_side,ground,after_step,13,14,clean,1,59.520,23.000,13.000,0,0
9cf312b0d76a11d9b79e6b4100f848d1878ed0b9,boulder,special_side,ground,after_step,14,15,clean,1,60.400,23.000,13.000,0,0
9cf312b0d76a11d9b79e6b4100f848d1878ed0b9,boulder,special_side,ground,after_step,15,16,clean,1,61.040,23.000,13.000,0,0
9cf312b0d76a11d9b79e6b4100f848d1878ed0b9,boulder,special_side,ground,after_step,16,17,clean,1,61.440,23.000,13.000,0,0
9cf312b0d76a11d9b79e6b4100f848d1878ed0b9,boulder,special_side,ground,after_step,17,18,clean,1,61.600,23.000,13.000,0,0
9cf312b0d76a11d9b79e6b4100f848d1878ed0b9,boulder,special_side,ground,after_step,18,19,clean,1,61.600,23.000,13.000,0,0
9cf312b0d76a11d9b79e6b4100f848d1878ed0b9,boulder,special_side,ground,after_step,19,20,clean,1,61.600,23.000,13.000,0,0
9cf312b0d76a11d9b79e6b4100f848d1878ed0b9,boulder,special_side,ground,after_step,20,21,clean,1,61.600,23.000,13.000,0,0
9cf312b0d76a11d9b79e6b4100f848d1878ed0b9,boulder,special_side,ground,after_step,21,22,,0,,,,0,0
9cf312b0d76a11d9b79e6b4100f848d1878ed0b9,boulder,special_side,ground,after_step,22,23,,0,,,,0,0
9cf312b0d76a11d9b79e6b4100f848d1878ed0b9,boulder,special_side,ground,after_step,23,24,,0,,,,0,0
9cf312b0d76a11d9b79e6b4100f848d1878ed0b9,boulder,special_side,ground,after_step,24,25,,0,,,,0,0
9cf312b0d76a11d9b79e6b4100f848d1878ed0b9,boulder,special_side,ground,after_step,25,26,,0,,,,0,0
9cf312b0d76a11d9b79e6b4100f848d1878ed0b9,boulder,special_side,ground,after_step,26,27,,0,,,,0,0
9cf312b0d76a11d9b79e6b4100f848d1878ed0b9,boulder,special_side,ground,after_step,27,28,,0,,,,0,0
9cf312b0d76a11d9b79e6b4100f848d1878ed0b9,boulder,special_side,ground,after_step,28,29,,0,,,,0,0
9cf312b0d76a11d9b79e6b4100f848d1878ed0b9,boulder,special_side,ground,after_step,29,30,,0,,,,0,0
9cf312b0d76a11d9b79e6b4100f848d1878ed0b9,boulder,special_side,ground,after_step,30,31,,0,,,,0,0
9cf312b0d76a11d9b79e6b4100f848d1878ed0b9,boulder,special_side,ground,after_step,31,32,,0,,,,0,0
9cf312b0d76a11d9b79e6b4100f848d1878ed0b9,boulder,special_side,ground,after_step,32,33,,0,,,,0,0
9cf312b0d76a11d9b79e6b4100f848d1878ed0b9,boulder,special_side,ground,after_step,33,34,,0,,,,0,0
9cf312b0d76a11d9b79e6b4100f848d1878ed0b9,boulder,special_side,ground,after_step,34,35,,0,,,,0,0
9cf312b0d76a11d9b79e6b4100f848d1878ed0b9,boulder,special_side,ground,after_step,35,36,,0,,,,0,0
9cf312b0d76a11d9b79e6b4100f848d1878ed0b9,boulder,special_side,ground,after_step,36,37,,0,,,,0,0
9cf312b0d76a11d9b79e6b4100f848d1878ed0b9,boulder,special_side,ground,after_step,37,38,,0,,,,0,0
9cf312b0d76a11d9b79e6b4100f848d1878ed0b9,boulder,special_side,ground,after_step,38,39,,0,,,,0,0
9cf312b0d76a11d9b79e6b4100f848d1878ed0b9,boulder,special_side,ground,after_step,39,40,,0,,,,0,0
9cf312b0d76a11d9b79e6b4100f848d1878ed0b9,boulder,special_side,ground,after_step,40,41,,0,,,,0,0
9cf312b0d76a11d9b79e6b4100f848d1878ed0b9,boulder,special_side,ground,after_step,41,42,,0,,,,0,0
9cf312b0d76a11d9b79e6b4100f848d1878ed0b9,boulder,special_side,ground,after_step,42,43,,0,,,,0,0
9cf312b0d76a11d9b79e6b4100f848d1878ed0b9,boulder,special_side,ground,after_step,43,44,,0,,,,0,0
9cf312b0d76a11d9b79e6b4100f848d1878ed0b9,boulder,special_side,ground,after_step,44,45,,0,,,,0,0
9cf312b0d76a11d9b79e6b4100f848d1878ed0b9,boulder,special_side,ground,after_step,45,46,,0,,,,0,0
9cf312b0d76a11d9b79e6b4100f848d1878ed0b9,boulder,special_side,ground,after_step,46,47,,0,,,,0,0
9cf312b0d76a11d9b79e6b4100f848d1878ed0b9,boulder,special_side,ground,after_step,47,48,,0,,,,0,0
9cf312b0d76a11d9b79e6b4100f848d1878ed0b9,boulder,special_side,ground,after_step,48,49,,0,,,,0,0
9cf312b0d76a11d9b79e6b4100f848d1878ed0b9,boulder,special_side,ground,after_step,49,50,,0,,,,0,0
9cf312b0d76a11d9b79e6b4100f848d1878ed0b9,boulder,special_side,ground,after_step,50,51,,0,,,,0,0
9cf312b0d76a11d9b79e6b4100f848d1878ed0b9,boulder,special_side,ground,after_step,51,52,,0,,,,0,0
9cf312b0d76a11d9b79e6b4100f848d1878ed0b9,boulder,special_side,ground,after_step,52,1,,0,,,,0,0
9cf312b0d76a11d9b79e6b4100f848d1878ed0b9,boulder,special_down,ground,pre_step,0,8,,0,,,,0,0
9cf312b0d76a11d9b79e6b4100f848d1878ed0b9,boulder,special_down,ground,after_step,0,1,,0,,,,0,0
9cf312b0d76a11d9b79e6b4100f848d1878ed0b9,boulder,special_down,ground,after_step,1,2,,0,,,,0,0
9cf312b0d76a11d9b79e6b4100f848d1878ed0b9,boulder,special_down,ground,after_step,2,3,,0,,,,0,0
9cf312b0d76a11d9b79e6b4100f848d1878ed0b9,boulder,special_down,ground,after_step,3,4,,0,,,,0,0
9cf312b0d76a11d9b79e6b4100f848d1878ed0b9,boulder,special_down,ground,after_step,4,5,,0,,,,0,0
9cf312b0d76a11d9b79e6b4100f848d1878ed0b9,boulder,special_down,ground,after_step,5,6,,0,,,,0,0
9cf312b0d76a11d9b79e6b4100f848d1878ed0b9,boulder,special_down,ground,after_step,6,7,,0,,,,0,0
9cf312b0d76a11d9b79e6b4100f848d1878ed0b9,boulder,special_down,ground,after_step,7,8,,0,,,,0,0
9cf312b0d76a11d9b79e6b4100f848d1878ed0b9,boulder,special_down,ground,after_step,8,9,,0,,,,0,0
9cf312b0d76a11d9b79e6b4100f848d1878ed0b9,boulder,special_down,ground,after_step,9,10,,0,,,,0,0
9cf312b0d76a11d9b79e6b4100f848d1878ed0b9,boulder,special_down,ground,after_step,10,11,,0,,,,0,0
9cf312b0d76a11d9b79e6b4100f848d1878ed0b9,boulder,special_down,ground,after_step,11,12,clean,1,0.000,18.000,30.000,0,0
9cf312b0d76a11d9b79e6b4100f848d1878ed0b9,boulder,special_down,ground,after_step,12,13,clean,1,0.000,18.000,30.000,0,0
9cf312b0d76a11d9b79e6b4100f848d1878ed0b9,boulder,special_down,ground,after_step,13,14,clean,1,0.000,18.000,30.000,0,0
9cf312b0d76a11d9b79e6b4100f848d1878ed0b9,boulder,special_down,ground,after_step,14,15,clean,1,0.000,18.000,30.000,0,0
9cf312b0d76a11d9b79e6b4100f848d1878ed0b9,boulder,special_down,ground,after_step,15,16,,0,,,,0,0
9cf312b0d76a11d9b79e6b4100f848d1878ed0b9,boulder,special_down,ground,after_step,16,17,,0,,,,0,0
9cf312b0d76a11d9b79e6b4100f848d1878ed0b9,boulder,special_down,ground,after_step,17,18,,0,,,,0,0
9cf312b0d76a11d9b79e6b4100f848d1878ed0b9,boulder,special_down,ground,after_step,18,19,,0,,,,0,0
9cf312b0d76a11d9b79e6b4100f848d1878ed0b9,boulder,special_down,ground,after_step,19,20,,0,,,,0,0
9cf312b0d76a11d9b79e6b4100f848d1878ed0b9,boulder,special_down,ground,after_step,20,21,,0,,,,0,0
9cf312b0d76a11d9b79e6b4100f848d1878ed0b9,boulder,special_down,ground,after_step,21,22,,0,,,,0,0
9cf312b0d76a11d9b79e6b4100f848d1878ed0b9,boulder,special_down,ground,after_step,22,23,,0,,,,0,0
9cf312b0d76a11d9b79e6b4100f848d1878ed0b9,boulder,special_down,ground,after_step,23,24,,0,,,,0,0
9cf312b0d76a11d9b79e6b4100f848d1878ed0b9,boulder,special_down,ground,after_step,24,25,,0,,,,0,0
9cf312b0d76a11d9b79e6b4100f848d1878ed0b9,boulder,special_down,ground,after_step,25,26,,0,,,,0,0
9cf312b0d76a11d9b79e6b4100f848d1878ed0b9,boulder,special_down,ground,after_step,26,27,,0,,,,0,0
9cf312b0d76a11d9b79e6b4100f848d1878ed0b9,boulder,special_down,ground,after_step,27,28,,0,,,,0,0
9cf312b0d76a11d9b79e6b4100f848d1878ed0b9,boulder,special_down,ground,after_step,28,29,,0,,,,0,0
9cf312b0d76a11d9b79e6b4100f848d1878ed0b9,boulder,special_down,ground,after_step,29,30,,0,,,,0,0
9cf312b0d76a11d9b79e6b4100f848d1878ed0b9,boulder,special_down,ground,after_step,30,31,,0,,,,0,0
9cf312b0d76a11d9b79e6b4100f848d1878ed0b9,boulder,special_down,ground,after_step,31,32,,0,,,,0,0
9cf312b0d76a11d9b79e6b4100f848d1878ed0b9,boulder,special_down,ground,after_step,32,33,,0,,,,0,0
9cf312b0d76a11d9b79e6b4100f848d1878ed0b9,boulder,special_down,ground,after_step,33,34,,0,,,,0,0
9cf312b0d76a11d9b79e6b4100f848d1878ed0b9,boulder,special_down,ground,after_step,34,35,,0,,,,0,0
9cf312b0d76a11d9b79e6b4100f848d1878ed0b9,boulder,special_down,ground,after_step,35,36,,0,,,,0,0
9cf312b0d76a11d9b79e6b4100f848d1878ed0b9,boulder,special_down,ground,after_step,36,37,,0,,,,0,0
9cf312b0d76a11d9b79e6b4100f848d1878ed0b9,boulder,special_down,ground,after_step,37,38,,0,,,,0,0
9cf312b0d76a11d9b79e6b4100f848d1878ed0b9,boulder,special_down,ground,after_step,38,39,,0,,,,0,0
9cf312b0d76a11d9b79e6b4100f848d1878ed0b9,boulder,special_down,ground,after_step,39,40,,0,,,,0,0
9cf312b0d76a11d9b79e6b4100f848d1878ed0b9,boulder,special_down,ground,after_step,40,41,,0,,,,0,0
9cf312b0d76a11d9b79e6b4100f848d1878ed0b9,boulder,special_down,ground,after_step,41,42,,0,,,,0,0
9cf312b0d76a11d9b79e6b4100f848d1878ed0b9,boulder,special_down,ground,after_step,42,43,,0,,,,0,0
9cf312b0d76a11d9b79e6b4100f848d1878ed0b9,boulder,special_down,ground,after_step,43,44,,0,,,,0,0
9cf312b0d76a11d9b79e6b4100f848d1878ed0b9,boulder,special_down,ground,after_step,44,45,,0,,,,0,0
9cf312b0d76a11d9b79e6b4100f848d1878ed0b9,boulder,special_down,ground,after_step,45,46,,0,,,,0,0
9cf312b0d76a11d9b79e6b4100f848d1878ed0b9,boulder,special_down,ground,after_step,46,47,,0,,,,0,0
9cf312b0d76a11d9b79e6b4100f848d1878ed0b9,boulder,special_down,ground,after_step,47,48,,0,,,,0,0
9cf312b0d76a11d9b79e6b4100f848d1878ed0b9,boulder,special_down,ground,after_step,48,49,,0,,,,0,0
9cf312b0d76a11d9b79e6b4100f848d1878ed0b9,boulder,special_down,ground,after_step,49,50,,0,,,,0,0
9cf312b0d76a11d9b79e6b4100f848d1878ed0b9,boulder,special_down,ground,after_step,50,1,,0,,,,0,0
9cf312b0d76a11d9b79e6b4100f848d1878ed0b9,boulder,throw_f,from_grab,after_step,11,5,,0,,,,0,0
9cf312b0d76a11d9b79e6b4100f848d1878ed0b9,boulder,throw_f,from_grab,after_step,12,1,,0,,,,0,0
9cf312b0d76a11d9b79e6b4100f848d1878ed0b9,boulder,throw_f,from_grab,after_step,13,2,,0,,,,0,0
9cf312b0d76a11d9b79e6b4100f848d1878ed0b9,boulder,throw_f,from_grab,after_step,14,3,,0,,,,0,0
9cf312b0d76a11d9b79e6b4100f848d1878ed0b9,boulder,throw_f,from_grab,after_step,15,4,,0,,,,0,0
9cf312b0d76a11d9b79e6b4100f848d1878ed0b9,boulder,throw_f,from_grab,after_step,16,5,,0,,,,0,0
9cf312b0d76a11d9b79e6b4100f848d1878ed0b9,boulder,throw_f,from_grab,after_step,17,6,,0,,,,0,0
9cf312b0d76a11d9b79e6b4100f848d1878ed0b9,boulder,throw_f,from_grab,after_step,18,7,,0,,,,0,0
9cf312b0d76a11d9b79e6b4100f848d1878ed0b9,boulder,throw_f,from_grab,after_step,19,8,,0,,,,0,0
9cf312b0d76a11d9b79e6b4100f848d1878ed0b9,boulder,throw_f,from_grab,after_step,20,9,,0,,,,0,0
9cf312b0d76a11d9b79e6b4100f848d1878ed0b9,boulder,throw_f,from_grab,after_step,21,10,,0,,,,6,1
9cf312b0d76a11d9b79e6b4100f848d1878ed0b9,boulder,throw_f,from_grab,after_step,22,10,,0,,,,5,0
9cf312b0d76a11d9b79e6b4100f848d1878ed0b9,boulder,throw_f,from_grab,after_step,23,10,,0,,,,4,0
9cf312b0d76a11d9b79e6b4100f848d1878ed0b9,boulder,throw_f,from_grab,after_step,24,10,,0,,,,3,0
9cf312b0d76a11d9b79e6b4100f848d1878ed0b9,boulder,throw_f,from_grab,after_step,25,10,,0,,,,2,0
9cf312b0d76a11d9b79e6b4100f848d1878ed0b9,boulder,throw_f,from_grab,after_step,26,10,,0,,,,1,0
9cf312b0d76a11d9b79e6b4100f848d1878ed0b9,boulder,throw_f,from_grab,after_step,27,10,,0,,,,0,0
9cf312b0d76a11d9b79e6b4100f848d1878ed0b9,boulder,throw_f,from_grab,after_step,28,11,,0,,,,0,0
9cf312b0d76a11d9b79e6b4100f848d1878ed0b9,boulder,throw_f,from_grab,after_step,29,12,,0,,,,0,0
9cf312b0d76a11d9b79e6b4100f848d1878ed0b9,boulder,throw_f,from_grab,after_step,30,13,,0,,,,0,0
9cf312b0d76a11d9b79e6b4100f848d1878ed0b9,boulder,throw_f,from_grab,after_step,31,14,,0,,,,0,0
9cf312b0d76a11d9b79e6b4100f848d1878ed0b9,boulder,throw_f,from_grab,after_step,32,15,,0,,,,0,0
9cf312b0d76a11d9b79e6b4100f848d1878ed0b9,boulder,throw_f,from_grab,after_step,33,16,,0,,,,0,0
9cf312b0d76a11d9b79e6b4100f848d1878ed0b9,boulder,throw_f,from_grab,after_step,34,17,,0,,,,0,0
9cf312b0d76a11d9b79e6b4100f848d1878ed0b9,boulder,throw_f,from_grab,after_step,35,18,,0,,,,0,0
9cf312b0d76a11d9b79e6b4100f848d1878ed0b9,boulder,throw_f,from_grab,after_step,36,19,,0,,,,0,0
9cf312b0d76a11d9b79e6b4100f848d1878ed0b9,boulder,throw_f,from_grab,after_step,37,20,,0,,,,0,0
9cf312b0d76a11d9b79e6b4100f848d1878ed0b9,boulder,throw_f,from_grab,after_step,38,21,,0,,,,0,0
9cf312b0d76a11d9b79e6b4100f848d1878ed0b9,boulder,throw_f,from_grab,after_step,39,22,,0,,,,0,0
9cf312b0d76a11d9b79e6b4100f848d1878ed0b9,boulder,throw_f,from_grab,after_step,40,23,,0,,,,0,0
9cf312b0d76a11d9b79e6b4100f848d1878ed0b9,boulder,throw_f,from_grab,after_step,41,24,,0,,,,0,0
9cf312b0d76a11d9b79e6b4100f848d1878ed0b9,boulder,throw_f,from_grab,after_step,42,25,,0,,,,0,0
9cf312b0d76a11d9b79e6b4100f848d1878ed0b9,boulder,throw_f,from_grab,after_step,43,26,,0,,,,0,0
9cf312b0d76a11d9b79e6b4100f848d1878ed0b9,boulder,throw_f,from_grab,after_step,44,27,,0,,,,0,0
9cf312b0d76a11d9b79e6b4100f848d1878ed0b9,boulder,throw_f,from_grab,after_step,45,28,,0,,,,0,0
9cf312b0d76a11d9b79e6b4100f848d1878ed0b9,boulder,throw_f,from_grab,after_step,46,29,,0,,,,0,0
9cf312b0d76a11d9b79e6b4100f848d1878ed0b9,boulder,throw_f,from_grab,after_step,47,30,,0,,,,0,0
9cf312b0d76a11d9b79e6b4100f848d1878ed0b9,boulder,throw_f,from_grab,after_step,48,31,,0,,,,0,0
9cf312b0d76a11d9b79e6b4100f848d1878ed0b9,boulder,throw_f,from_grab,after_step,49,32,,0,,,,0,0
9cf312b0d76a11d9b79e6b4100f848d1878ed0b9,boulder,throw_f,from_grab,after_step,50,33,,0,,,,0,0
9cf312b0d76a11d9b79e6b4100f848d1878ed0b9,boulder,throw_f,from_grab,after_step,51,34,,0,,,,0,0
9cf312b0d76a11d9b79e6b4100f848d1878ed0b9,boulder,throw_f,from_grab,after_step,52,35,,0,,,,0,0
9cf312b0d76a11d9b79e6b4100f848d1878ed0b9,boulder,throw_f,from_grab,after_step,53,1,,0,,,,0,0
9cf312b0d76a11d9b79e6b4100f848d1878ed0b9,boulder,throw_b,from_grab,after_step,11,5,,0,,,,0,0
9cf312b0d76a11d9b79e6b4100f848d1878ed0b9,boulder,throw_b,from_grab,after_step,12,1,,0,,,,0,0
9cf312b0d76a11d9b79e6b4100f848d1878ed0b9,boulder,throw_b,from_grab,after_step,13,2,,0,,,,0,0
9cf312b0d76a11d9b79e6b4100f848d1878ed0b9,boulder,throw_b,from_grab,after_step,14,3,,0,,,,0,0
9cf312b0d76a11d9b79e6b4100f848d1878ed0b9,boulder,throw_b,from_grab,after_step,15,4,,0,,,,0,0
9cf312b0d76a11d9b79e6b4100f848d1878ed0b9,boulder,throw_b,from_grab,after_step,16,5,,0,,,,0,0
9cf312b0d76a11d9b79e6b4100f848d1878ed0b9,boulder,throw_b,from_grab,after_step,17,6,,0,,,,0,0
9cf312b0d76a11d9b79e6b4100f848d1878ed0b9,boulder,throw_b,from_grab,after_step,18,7,,0,,,,0,0
9cf312b0d76a11d9b79e6b4100f848d1878ed0b9,boulder,throw_b,from_grab,after_step,19,8,,0,,,,0,0
9cf312b0d76a11d9b79e6b4100f848d1878ed0b9,boulder,throw_b,from_grab,after_step,20,9,,0,,,,0,0
9cf312b0d76a11d9b79e6b4100f848d1878ed0b9,boulder,throw_b,from_grab,after_step,21,10,,0,,,,0,0
9cf312b0d76a11d9b79e6b4100f848d1878ed0b9,boulder,throw_b,from_grab,after_step,22,11,,0,,,,0,0
9cf312b0d76a11d9b79e6b4100f848d1878ed0b9,boulder,throw_b,from_grab,after_step,23,12,,0,,,,7,1
9cf312b0d76a11d9b79e6b4100f848d1878ed0b9,boulder,throw_b,from_grab,after_step,24,12,,0,,,,6,0
9cf312b0d76a11d9b79e6b4100f848d1878ed0b9,boulder,throw_b,from_grab,after_step,25,12,,0,,,,5,0
9cf312b0d76a11d9b79e6b4100f848d1878ed0b9,boulder,throw_b,from_grab,after_step,26,12,,0,,,,4,0
9cf312b0d76a11d9b79e6b4100f848d1878ed0b9,boulder,throw_b,from_grab,after_step,27,12,,0,,,,3,0
9cf312b0d76a11d9b79e6b4100f848d1878ed0b9,boulder,throw_b,from_grab,after_step,28,12,,0,,,,2,0
9cf312b0d76a11d9b79e6b4100f848d1878ed0b9,boulder,throw_b,from_grab,after_step,29,12,,0,,,,1,0
9cf312b0d76a11d9b79e6b4100f848d1878ed0b9,boulder,throw_b,from_grab,after_step,30,12,,0,,,,0,0
9cf312b0d76a11d9b79e6b4100f848d1878ed0b9,boulder,throw_b,from_grab,after_step,31,13,,0,,,,0,0
9cf312b0d76a11d9b79e6b4100f848d1878ed0b9,boulder,throw_b,from_grab,after_step,32,14,,0,,,,0,0
9cf312b0d76a11d9b79e6b4100f848d1878ed0b9,boulder,throw_b,from_grab,after_step,33,15,,0,,,,0,0
9cf312b0d76a11d9b79e6b4100f848d1878ed0b9,boulder,throw_b,from_grab,after_step,34,16,,0,,,,0,0
9cf312b0d76a11d9b79e6b4100f848d1878ed0b9,boulder,throw_b,from_grab,after_step,35,17,,0,,,,0,0
9cf312b0d76a11d9b79e6b4100f848d1878ed0b9,boulder,throw_b,from_grab,after_step,36,18,,0,,,,0,0
9cf312b0d76a11d9b79e6b4100f848d1878ed0b9,boulder,throw_b,from_grab,after_step,37,19,,0,,,,0,0
9cf312b0d76a11d9b79e6b4100f848d1878ed0b9,boulder,throw_b,from_grab,after_step,38,20,,0,,,,0,0
9cf312b0d76a11d9b79e6b4100f848d1878ed0b9,boulder,throw_b,from_grab,after_step,39,21,,0,,,,0,0
9cf312b0d76a11d9b79e6b4100f848d1878ed0b9,boulder,throw_b,from_grab,after_step,40,22,,0,,,,0,0
9cf312b0d76a11d9b79e6b4100f848d1878ed0b9,boulder,throw_b,from_grab,after_step,41,23,,0,,,,0,0
9cf312b0d76a11d9b79e6b4100f848d1878ed0b9,boulder,throw_b,from_grab,after_step,42,24,,0,,,,0,0
9cf312b0d76a11d9b79e6b4100f848d1878ed0b9,boulder,throw_b,from_grab,after_step,43,25,,0,,,,0,0
9cf312b0d76a11d9b79e6b4100f848d1878ed0b9,boulder,throw_b,from_grab,after_step,44,26,,0,,,,0,0
9cf312b0d76a11d9b79e6b4100f848d1878ed0b9,boulder,throw_b,from_grab,after_step,45,27,,0,,,,0,0
9cf312b0d76a11d9b79e6b4100f848d1878ed0b9,boulder,throw_b,from_grab,after_step,46,28,,0,,,,0,0
9cf312b0d76a11d9b79e6b4100f848d1878ed0b9,boulder,throw_b,from_grab,after_step,47,29,,0,,,,0,0
9cf312b0d76a11d9b79e6b4100f848d1878ed0b9,boulder,throw_b,from_grab,after_step,48,30,,0,,,,0,0
9cf312b0d76a11d9b79e6b4100f848d1878ed0b9,boulder,throw_b,from_grab,after_step,49,31,,0,,,,0,0
9cf312b0d76a11d9b79e6b4100f848d1878ed0b9,boulder,throw_b,from_grab,after_step,50,32,,0,,,,0,0
9cf312b0d76a11d9b79e6b4100f848d1878ed0b9,boulder,throw_b,from_grab,after_step,51,33,,0,,,,0,0
9cf312b0d76a11d9b79e6b4100f848d1878ed0b9,boulder,throw_b,from_grab,after_step,52,34,,0,,,,0,0
9cf312b0d76a11d9b79e6b4100f848d1878ed0b9,boulder,throw_b,from_grab,after_step,53,35,,0,,,,0,0
9cf312b0d76a11d9b79e6b4100f848d1878ed0b9,boulder,throw_b,from_grab,after_step,54,36,,0,,,,0,0
9cf312b0d76a11d9b79e6b4100f848d1878ed0b9,boulder,throw_b,from_grab,after_step,55,37,,0,,,,0,0
9cf312b0d76a11d9b79e6b4100f848d1878ed0b9,boulder,throw_b,from_grab,after_step,56,38,,0,,,,0,0
9cf312b0d76a11d9b79e6b4100f848d1878ed0b9,boulder,throw_b,from_grab,after_step,57,39,,0,,,,0,0
9cf312b0d76a11d9b79e6b4100f848d1878ed0b9,boulder,throw_b,from_grab,after_step,58,1,,0,,,,0,0
9cf312b0d76a11d9b79e6b4100f848d1878ed0b9,boulder,throw_u,from_grab,after_step,11,5,,0,,,,0,0
9cf312b0d76a11d9b79e6b4100f848d1878ed0b9,boulder,throw_u,from_grab,after_step,12,1,,0,,,,0,0
9cf312b0d76a11d9b79e6b4100f848d1878ed0b9,boulder,throw_u,from_grab,after_step,13,2,,0,,,,0,0
9cf312b0d76a11d9b79e6b4100f848d1878ed0b9,boulder,throw_u,from_grab,after_step,14,3,,0,,,,0,0
9cf312b0d76a11d9b79e6b4100f848d1878ed0b9,boulder,throw_u,from_grab,after_step,15,4,,0,,,,0,0
9cf312b0d76a11d9b79e6b4100f848d1878ed0b9,boulder,throw_u,from_grab,after_step,16,5,,0,,,,0,0
9cf312b0d76a11d9b79e6b4100f848d1878ed0b9,boulder,throw_u,from_grab,after_step,17,6,,0,,,,0,0
9cf312b0d76a11d9b79e6b4100f848d1878ed0b9,boulder,throw_u,from_grab,after_step,18,7,,0,,,,0,0
9cf312b0d76a11d9b79e6b4100f848d1878ed0b9,boulder,throw_u,from_grab,after_step,19,8,,0,,,,0,0
9cf312b0d76a11d9b79e6b4100f848d1878ed0b9,boulder,throw_u,from_grab,after_step,20,9,,0,,,,0,0
9cf312b0d76a11d9b79e6b4100f848d1878ed0b9,boulder,throw_u,from_grab,after_step,21,10,,0,,,,6,1
9cf312b0d76a11d9b79e6b4100f848d1878ed0b9,boulder,throw_u,from_grab,after_step,22,10,,0,,,,5,0
9cf312b0d76a11d9b79e6b4100f848d1878ed0b9,boulder,throw_u,from_grab,after_step,23,10,,0,,,,4,0
9cf312b0d76a11d9b79e6b4100f848d1878ed0b9,boulder,throw_u,from_grab,after_step,24,10,,0,,,,3,0
9cf312b0d76a11d9b79e6b4100f848d1878ed0b9,boulder,throw_u,from_grab,after_step,25,10,,0,,,,2,0
9cf312b0d76a11d9b79e6b4100f848d1878ed0b9,boulder,throw_u,from_grab,after_step,26,10,,0,,,,1,0
9cf312b0d76a11d9b79e6b4100f848d1878ed0b9,boulder,throw_u,from_grab,after_step,27,10,,0,,,,0,0
9cf312b0d76a11d9b79e6b4100f848d1878ed0b9,boulder,throw_u,from_grab,after_step,28,11,,0,,,,0,0
9cf312b0d76a11d9b79e6b4100f848d1878ed0b9,boulder,throw_u,from_grab,after_step,29,12,,0,,,,0,0
9cf312b0d76a11d9b79e6b4100f848d1878ed0b9,boulder,throw_u,from_grab,after_step,30,13,,0,,,,0,0
9cf312b0d76a11d9b79e6b4100f848d1878ed0b9,boulder,throw_u,from_grab,after_step,31,14,,0,,,,0,0
9cf312b0d76a11d9b79e6b4100f848d1878ed0b9,boulder,throw_u,from_grab,after_step,32,15,,0,,,,0,0
9cf312b0d76a11d9b79e6b4100f848d1878ed0b9,boulder,throw_u,from_grab,after_step,33,16,,0,,,,0,0
9cf312b0d76a11d9b79e6b4100f848d1878ed0b9,boulder,throw_u,from_grab,after_step,34,17,,0,,,,0,0
9cf312b0d76a11d9b79e6b4100f848d1878ed0b9,boulder,throw_u,from_grab,after_step,35,18,,0,,,,0,0
9cf312b0d76a11d9b79e6b4100f848d1878ed0b9,boulder,throw_u,from_grab,after_step,36,19,,0,,,,0,0
9cf312b0d76a11d9b79e6b4100f848d1878ed0b9,boulder,throw_u,from_grab,after_step,37,20,,0,,,,0,0
9cf312b0d76a11d9b79e6b4100f848d1878ed0b9,boulder,throw_u,from_grab,after_step,38,21,,0,,,,0,0
9cf312b0d76a11d9b79e6b4100f848d1878ed0b9,boulder,throw_u,from_grab,after_step,39,22,,0,,,,0,0
9cf312b0d76a11d9b79e6b4100f848d1878ed0b9,boulder,throw_u,from_grab,after_step,40,23,,0,,,,0,0
9cf312b0d76a11d9b79e6b4100f848d1878ed0b9,boulder,throw_u,from_grab,after_step,41,24,,0,,,,0,0
9cf312b0d76a11d9b79e6b4100f848d1878ed0b9,boulder,throw_u,from_grab,after_step,42,25,,0,,,,0,0
9cf312b0d76a11d9b79e6b4100f848d1878ed0b9,boulder,throw_u,from_grab,after_step,43,26,,0,,,,0,0
9cf312b0d76a11d9b79e6b4100f848d1878ed0b9,boulder,throw_u,from_grab,after_step,44,27,,0,,,,0,0
9cf312b0d76a11d9b79e6b4100f848d1878ed0b9,boulder,throw_u,from_grab,after_step,45,28,,0,,,,0,0
9cf312b0d76a11d9b79e6b4100f848d1878ed0b9,boulder,throw_u,from_grab,after_step,46,29,,0,,,,0,0
9cf312b0d76a11d9b79e6b4100f848d1878ed0b9,boulder,throw_u,from_grab,after_step,47,30,,0,,,,0,0
9cf312b0d76a11d9b79e6b4100f848d1878ed0b9,boulder,throw_u,from_grab,after_step,48,31,,0,,,,0,0
9cf312b0d76a11d9b79e6b4100f848d1878ed0b9,boulder,throw_u,from_grab,after_step,49,32,,0,,,,0,0
9cf312b0d76a11d9b79e6b4100f848d1878ed0b9,boulder,throw_u,from_grab,after_step,50,33,,0,,,,0,0
9cf312b0d76a11d9b79e6b4100f848d1878ed0b9,boulder,throw_u,from_grab,after_step,51,34,,0,,,,0,0
9cf312b0d76a11d9b79e6b4100f848d1878ed0b9,boulder,throw_u,from_grab,after_step,52,35,,0,,,,0,0
9cf312b0d76a11d9b79e6b4100f848d1878ed0b9,boulder,throw_u,from_grab,after_step,53,1,,0,,,,0,0
9cf312b0d76a11d9b79e6b4100f848d1878ed0b9,boulder,throw_d,from_grab,after_step,11,5,,0,,,,0,0
9cf312b0d76a11d9b79e6b4100f848d1878ed0b9,boulder,throw_d,from_grab,after_step,12,1,,0,,,,0,0
9cf312b0d76a11d9b79e6b4100f848d1878ed0b9,boulder,throw_d,from_grab,after_step,13,2,,0,,,,0,0
9cf312b0d76a11d9b79e6b4100f848d1878ed0b9,boulder,throw_d,from_grab,after_step,14,3,,0,,,,0,0
9cf312b0d76a11d9b79e6b4100f848d1878ed0b9,boulder,throw_d,from_grab,after_step,15,4,,0,,,,0,0
9cf312b0d76a11d9b79e6b4100f848d1878ed0b9,boulder,throw_d,from_grab,after_step,16,5,,0,,,,0,0
9cf312b0d76a11d9b79e6b4100f848d1878ed0b9,boulder,throw_d,from_grab,after_step,17,6,,0,,,,0,0
9cf312b0d76a11d9b79e6b4100f848d1878ed0b9,boulder,throw_d,from_grab,after_step,18,7,,0,,,,0,0
9cf312b0d76a11d9b79e6b4100f848d1878ed0b9,boulder,throw_d,from_grab,after_step,19,8,,0,,,,0,0
9cf312b0d76a11d9b79e6b4100f848d1878ed0b9,boulder,throw_d,from_grab,after_step,20,9,,0,,,,0,0
9cf312b0d76a11d9b79e6b4100f848d1878ed0b9,boulder,throw_d,from_grab,after_step,21,10,,0,,,,0,0
9cf312b0d76a11d9b79e6b4100f848d1878ed0b9,boulder,throw_d,from_grab,after_step,22,11,,0,,,,6,1
9cf312b0d76a11d9b79e6b4100f848d1878ed0b9,boulder,throw_d,from_grab,after_step,23,11,,0,,,,5,0
9cf312b0d76a11d9b79e6b4100f848d1878ed0b9,boulder,throw_d,from_grab,after_step,24,11,,0,,,,4,0
9cf312b0d76a11d9b79e6b4100f848d1878ed0b9,boulder,throw_d,from_grab,after_step,25,11,,0,,,,3,0
9cf312b0d76a11d9b79e6b4100f848d1878ed0b9,boulder,throw_d,from_grab,after_step,26,11,,0,,,,2,0
9cf312b0d76a11d9b79e6b4100f848d1878ed0b9,boulder,throw_d,from_grab,after_step,27,11,,0,,,,1,0
9cf312b0d76a11d9b79e6b4100f848d1878ed0b9,boulder,throw_d,from_grab,after_step,28,11,,0,,,,0,0
9cf312b0d76a11d9b79e6b4100f848d1878ed0b9,boulder,throw_d,from_grab,after_step,29,12,,0,,,,0,0
9cf312b0d76a11d9b79e6b4100f848d1878ed0b9,boulder,throw_d,from_grab,after_step,30,13,,0,,,,0,0
9cf312b0d76a11d9b79e6b4100f848d1878ed0b9,boulder,throw_d,from_grab,after_step,31,14,,0,,,,0,0
9cf312b0d76a11d9b79e6b4100f848d1878ed0b9,boulder,throw_d,from_grab,after_step,32,15,,0,,,,0,0
9cf312b0d76a11d9b79e6b4100f848d1878ed0b9,boulder,throw_d,from_grab,after_step,33,16,,0,,,,0,0
9cf312b0d76a11d9b79e6b4100f848d1878ed0b9,boulder,throw_d,from_grab,after_step,34,17,,0,,,,0,0
9cf312b0d76a11d9b79e6b4100f848d1878ed0b9,boulder,throw_d,from_grab,after_step,35,18,,0,,,,0,0
9cf312b0d76a11d9b79e6b4100f848d1878ed0b9,boulder,throw_d,from_grab,after_step,36,19,,0,,,,0,0
9cf312b0d76a11d9b79e6b4100f848d1878ed0b9,boulder,throw_d,from_grab,after_step,37,20,,0,,,,0,0
9cf312b0d76a11d9b79e6b4100f848d1878ed0b9,boulder,throw_d,from_grab,after_step,38,21,,0,,,,0,0
9cf312b0d76a11d9b79e6b4100f848d1878ed0b9,boulder,throw_d,from_grab,after_step,39,22,,0,,,,0,0
9cf312b0d76a11d9b79e6b4100f848d1878ed0b9,boulder,throw_d,from_grab,after_step,40,23,,0,,,,0,0
9cf312b0d76a11d9b79e6b4100f848d1878ed0b9,boulder,throw_d,from_grab,after_step,41,24,,0,,,,0,0
9cf312b0d76a11d9b79e6b4100f848d1878ed0b9,boulder,throw_d,from_grab,after_step,42,25,,0,,,,0,0
9cf312b0d76a11d9b79e6b4100f848d1878ed0b9,boulder,throw_d,from_grab,after_step,43,26,,0,,,,0,0
9cf312b0d76a11d9b79e6b4100f848d1878ed0b9,boulder,throw_d,from_grab,after_step,44,27,,0,,,,0,0
9cf312b0d76a11d9b79e6b4100f848d1878ed0b9,boulder,throw_d,from_grab,after_step,45,28,,0,,,,0,0
9cf312b0d76a11d9b79e6b4100f848d1878ed0b9,boulder,throw_d,from_grab,after_step,46,29,,0,,,,0,0
9cf312b0d76a11d9b79e6b4100f848d1878ed0b9,boulder,throw_d,from_grab,after_step,47,30,,0,,,,0,0
9cf312b0d76a11d9b79e6b4100f848d1878ed0b9,boulder,throw_d,from_grab,after_step,48,31,,0,,,,0,0
9cf312b0d76a11d9b79e6b4100f848d1878ed0b9,boulder,throw_d,from_grab,after_step,49,32,,0,,,,0,0
9cf312b0d76a11d9b79e6b4100f848d1878ed0b9,boulder,throw_d,from_grab,after_step,50,33,,0,,,,0,0
9cf312b0d76a11d9b79e6b4100f848d1878ed0b9,boulder,throw_d,from_grab,after_step,51,34,,0,,,,0,0
9cf312b0d76a11d9b79e6b4100f848d1878ed0b9,boulder,throw_d,from_grab,after_step,52,35,,0,,,,0,0
9cf312b0d76a11d9b79e6b4100f848d1878ed0b9,boulder,throw_d,from_grab,after_step,53,36,,0,,,,0,0
9cf312b0d76a11d9b79e6b4100f848d1878ed0b9,boulder,throw_d,from_grab,after_step,54,37,,0,,,,0,0
9cf312b0d76a11d9b79e6b4100f848d1878ed0b9,boulder,throw_d,from_grab,after_step,55,38,,0,,,,0,0
9cf312b0d76a11d9b79e6b4100f848d1878ed0b9,boulder,throw_d,from_grab,after_step,56,1,,0,,,,0,0
9cf312b0d76a11d9b79e6b4100f848d1878ed0b9,viper,jab,ground,pre_step,0,8,,0,,,,0,0
9cf312b0d76a11d9b79e6b4100f848d1878ed0b9,viper,jab,ground,after_step,0,1,clean,1,12.000,18.500,7.000,0,0
9cf312b0d76a11d9b79e6b4100f848d1878ed0b9,viper,jab,ground,after_step,1,2,clean,1,12.000,18.500,7.000,0,0
9cf312b0d76a11d9b79e6b4100f848d1878ed0b9,viper,jab,ground,after_step,2,3,,0,,,,0,0
9cf312b0d76a11d9b79e6b4100f848d1878ed0b9,viper,jab,ground,after_step,3,4,,0,,,,0,0
9cf312b0d76a11d9b79e6b4100f848d1878ed0b9,viper,jab,ground,after_step,4,5,,0,,,,0,0
9cf312b0d76a11d9b79e6b4100f848d1878ed0b9,viper,jab,ground,after_step,5,6,,0,,,,0,0
9cf312b0d76a11d9b79e6b4100f848d1878ed0b9,viper,jab,ground,after_step,6,7,,0,,,,0,0
9cf312b0d76a11d9b79e6b4100f848d1878ed0b9,viper,jab,ground,after_step,7,8,,0,,,,0,0
9cf312b0d76a11d9b79e6b4100f848d1878ed0b9,viper,jab,ground,after_step,8,9,,0,,,,0,0
9cf312b0d76a11d9b79e6b4100f848d1878ed0b9,viper,jab,ground,after_step,9,10,,0,,,,0,0
9cf312b0d76a11d9b79e6b4100f848d1878ed0b9,viper,jab,ground,after_step,10,11,,0,,,,0,0
9cf312b0d76a11d9b79e6b4100f848d1878ed0b9,viper,jab,ground,after_step,11,12,,0,,,,0,0
9cf312b0d76a11d9b79e6b4100f848d1878ed0b9,viper,jab,ground,after_step,12,13,,0,,,,0,0
9cf312b0d76a11d9b79e6b4100f848d1878ed0b9,viper,jab,ground,after_step,13,14,,0,,,,0,0
9cf312b0d76a11d9b79e6b4100f848d1878ed0b9,viper,jab,ground,after_step,14,1,,0,,,,0,0
9cf312b0d76a11d9b79e6b4100f848d1878ed0b9,viper,jab2,after_jab1_hit,after_step,3,1,,0,,,,0,0
9cf312b0d76a11d9b79e6b4100f848d1878ed0b9,viper,jab2,after_jab1_hit,after_step,4,0,,0,,,,0,0
9cf312b0d76a11d9b79e6b4100f848d1878ed0b9,viper,jab2,after_jab1_hit,after_step,5,1,,0,,,,0,0
9cf312b0d76a11d9b79e6b4100f848d1878ed0b9,viper,jab2,after_jab1_hit,after_step,6,2,clean,1,13.000,19.500,7.000,4,1
9cf312b0d76a11d9b79e6b4100f848d1878ed0b9,viper,jab2,after_jab1_hit,after_step,7,2,clean,1,13.000,19.500,7.000,3,0
9cf312b0d76a11d9b79e6b4100f848d1878ed0b9,viper,jab2,after_jab1_hit,after_step,8,2,clean,1,13.000,19.500,7.000,2,0
9cf312b0d76a11d9b79e6b4100f848d1878ed0b9,viper,jab2,after_jab1_hit,after_step,9,2,clean,1,13.000,19.500,7.000,1,0
9cf312b0d76a11d9b79e6b4100f848d1878ed0b9,viper,jab2,after_jab1_hit,after_step,10,2,clean,1,13.000,19.500,7.000,0,0
9cf312b0d76a11d9b79e6b4100f848d1878ed0b9,viper,jab2,after_jab1_hit,after_step,11,3,clean,1,13.000,19.500,7.000,0,0
9cf312b0d76a11d9b79e6b4100f848d1878ed0b9,viper,jab2,after_jab1_hit,after_step,12,4,,0,,,,0,0
9cf312b0d76a11d9b79e6b4100f848d1878ed0b9,viper,jab2,after_jab1_hit,after_step,13,5,,0,,,,0,0
9cf312b0d76a11d9b79e6b4100f848d1878ed0b9,viper,jab2,after_jab1_hit,after_step,14,6,,0,,,,0,0
9cf312b0d76a11d9b79e6b4100f848d1878ed0b9,viper,jab2,after_jab1_hit,after_step,15,7,,0,,,,0,0
9cf312b0d76a11d9b79e6b4100f848d1878ed0b9,viper,jab2,after_jab1_hit,after_step,16,8,,0,,,,0,0
9cf312b0d76a11d9b79e6b4100f848d1878ed0b9,viper,jab2,after_jab1_hit,after_step,17,9,,0,,,,0,0
9cf312b0d76a11d9b79e6b4100f848d1878ed0b9,viper,jab2,after_jab1_hit,after_step,18,10,,0,,,,0,0
9cf312b0d76a11d9b79e6b4100f848d1878ed0b9,viper,jab2,after_jab1_hit,after_step,19,11,,0,,,,0,0
9cf312b0d76a11d9b79e6b4100f848d1878ed0b9,viper,jab2,after_jab1_hit,after_step,20,12,,0,,,,0,0
9cf312b0d76a11d9b79e6b4100f848d1878ed0b9,viper,jab2,after_jab1_hit,after_step,21,13,,0,,,,0,0
9cf312b0d76a11d9b79e6b4100f848d1878ed0b9,viper,jab2,after_jab1_hit,after_step,22,14,,0,,,,0,0
9cf312b0d76a11d9b79e6b4100f848d1878ed0b9,viper,jab2,after_jab1_hit,after_step,23,15,,0,,,,0,0
9cf312b0d76a11d9b79e6b4100f848d1878ed0b9,viper,jab2,after_jab1_hit,after_step,24,16,,0,,,,0,0
9cf312b0d76a11d9b79e6b4100f848d1878ed0b9,viper,jab2,after_jab1_hit,after_step,25,17,,0,,,,0,0
9cf312b0d76a11d9b79e6b4100f848d1878ed0b9,viper,jab2,after_jab1_hit,after_step,26,18,,0,,,,0,0
9cf312b0d76a11d9b79e6b4100f848d1878ed0b9,viper,jab2,after_jab1_hit,after_step,27,19,,0,,,,0,0
9cf312b0d76a11d9b79e6b4100f848d1878ed0b9,viper,jab2,after_jab1_hit,after_step,28,1,,0,,,,3,0
9cf312b0d76a11d9b79e6b4100f848d1878ed0b9,viper,ftilt,ground,pre_step,0,8,,0,,,,0,0
9cf312b0d76a11d9b79e6b4100f848d1878ed0b9,viper,ftilt,ground,after_step,0,1,,0,,,,0,0
9cf312b0d76a11d9b79e6b4100f848d1878ed0b9,viper,ftilt,ground,after_step,1,2,,0,,,,0,0
9cf312b0d76a11d9b79e6b4100f848d1878ed0b9,viper,ftilt,ground,after_step,2,3,,0,,,,0,0
9cf312b0d76a11d9b79e6b4100f848d1878ed0b9,viper,ftilt,ground,after_step,3,4,clean,1,16.000,17.500,8.000,0,0
9cf312b0d76a11d9b79e6b4100f848d1878ed0b9,viper,ftilt,ground,after_step,4,5,clean,1,16.000,17.500,8.000,0,0
9cf312b0d76a11d9b79e6b4100f848d1878ed0b9,viper,ftilt,ground,after_step,5,6,clean,1,16.000,17.500,8.000,0,0
9cf312b0d76a11d9b79e6b4100f848d1878ed0b9,viper,ftilt,ground,after_step,6,7,,0,,,,0,0
9cf312b0d76a11d9b79e6b4100f848d1878ed0b9,viper,ftilt,ground,after_step,7,8,,0,,,,0,0
9cf312b0d76a11d9b79e6b4100f848d1878ed0b9,viper,ftilt,ground,after_step,8,9,,0,,,,0,0
9cf312b0d76a11d9b79e6b4100f848d1878ed0b9,viper,ftilt,ground,after_step,9,10,,0,,,,0,0
9cf312b0d76a11d9b79e6b4100f848d1878ed0b9,viper,ftilt,ground,after_step,10,11,,0,,,,0,0
9cf312b0d76a11d9b79e6b4100f848d1878ed0b9,viper,ftilt,ground,after_step,11,12,,0,,,,0,0
9cf312b0d76a11d9b79e6b4100f848d1878ed0b9,viper,ftilt,ground,after_step,12,13,,0,,,,0,0
9cf312b0d76a11d9b79e6b4100f848d1878ed0b9,viper,ftilt,ground,after_step,13,14,,0,,,,0,0
9cf312b0d76a11d9b79e6b4100f848d1878ed0b9,viper,ftilt,ground,after_step,14,15,,0,,,,0,0
9cf312b0d76a11d9b79e6b4100f848d1878ed0b9,viper,ftilt,ground,after_step,15,16,,0,,,,0,0
9cf312b0d76a11d9b79e6b4100f848d1878ed0b9,viper,ftilt,ground,after_step,16,17,,0,,,,0,0
9cf312b0d76a11d9b79e6b4100f848d1878ed0b9,viper,ftilt,ground,after_step,17,18,,0,,,,0,0
9cf312b0d76a11d9b79e6b4100f848d1878ed0b9,viper,ftilt,ground,after_step,18,19,,0,,,,0,0
9cf312b0d76a11d9b79e6b4100f848d1878ed0b9,viper,ftilt,ground,after_step,19,20,,0,,,,0,0
9cf312b0d76a11d9b79e6b4100f848d1878ed0b9,viper,ftilt,ground,after_step,20,21,,0,,,,0,0
9cf312b0d76a11d9b79e6b4100f848d1878ed0b9,viper,ftilt,ground,after_step,21,1,,0,,,,0,0
9cf312b0d76a11d9b79e6b4100f848d1878ed0b9,viper,utilt,ground,pre_step,0,8,,0,,,,0,0
9cf312b0d76a11d9b79e6b4100f848d1878ed0b9,viper,utilt,ground,after_step,0,1,,0,,,,0,0
9cf312b0d76a11d9b79e6b4100f848d1878ed0b9,viper,utilt,ground,after_step,1,2,,0,,,,0,0
9cf312b0d76a11d9b79e6b4100f848d1878ed0b9,viper,utilt,ground,after_step,2,3,clean,1,3.000,29.500,9.000,0,0
9cf312b0d76a11d9b79e6b4100f848d1878ed0b9,viper,utilt,ground,after_step,3,4,clean,1,3.000,29.500,9.000,0,0
9cf312b0d76a11d9b79e6b4100f848d1878ed0b9,viper,utilt,ground,after_step,4,5,clean,1,3.000,29.500,9.000,0,0
9cf312b0d76a11d9b79e6b4100f848d1878ed0b9,viper,utilt,ground,after_step,5,6,clean,1,3.000,29.500,9.000,0,0
9cf312b0d76a11d9b79e6b4100f848d1878ed0b9,viper,utilt,ground,after_step,6,7,,0,,,,0,0
9cf312b0d76a11d9b79e6b4100f848d1878ed0b9,viper,utilt,ground,after_step,7,8,,0,,,,0,0
9cf312b0d76a11d9b79e6b4100f848d1878ed0b9,viper,utilt,ground,after_step,8,9,,0,,,,0,0
9cf312b0d76a11d9b79e6b4100f848d1878ed0b9,viper,utilt,ground,after_step,9,10,,0,,,,0,0
9cf312b0d76a11d9b79e6b4100f848d1878ed0b9,viper,utilt,ground,after_step,10,11,,0,,,,0,0
9cf312b0d76a11d9b79e6b4100f848d1878ed0b9,viper,utilt,ground,after_step,11,12,,0,,,,0,0
9cf312b0d76a11d9b79e6b4100f848d1878ed0b9,viper,utilt,ground,after_step,12,13,,0,,,,0,0
9cf312b0d76a11d9b79e6b4100f848d1878ed0b9,viper,utilt,ground,after_step,13,14,,0,,,,0,0
9cf312b0d76a11d9b79e6b4100f848d1878ed0b9,viper,utilt,ground,after_step,14,15,,0,,,,0,0
9cf312b0d76a11d9b79e6b4100f848d1878ed0b9,viper,utilt,ground,after_step,15,16,,0,,,,0,0
9cf312b0d76a11d9b79e6b4100f848d1878ed0b9,viper,utilt,ground,after_step,16,17,,0,,,,0,0
9cf312b0d76a11d9b79e6b4100f848d1878ed0b9,viper,utilt,ground,after_step,17,18,,0,,,,0,0
9cf312b0d76a11d9b79e6b4100f848d1878ed0b9,viper,utilt,ground,after_step,18,19,,0,,,,0,0
9cf312b0d76a11d9b79e6b4100f848d1878ed0b9,viper,utilt,ground,after_step,19,20,,0,,,,0,0
9cf312b0d76a11d9b79e6b4100f848d1878ed0b9,viper,utilt,ground,after_step,20,1,,0,,,,0,0
9cf312b0d76a11d9b79e6b4100f848d1878ed0b9,viper,dtilt,ground,pre_step,0,8,,0,,,,0,0
9cf312b0d76a11d9b79e6b4100f848d1878ed0b9,viper,dtilt,ground,after_step,0,1,,0,,,,0,0
9cf312b0d76a11d9b79e6b4100f848d1878ed0b9,viper,dtilt,ground,after_step,1,2,,0,,,,0,0
9cf312b0d76a11d9b79e6b4100f848d1878ed0b9,viper,dtilt,ground,after_step,2,3,,0,,,,0,0
9cf312b0d76a11d9b79e6b4100f848d1878ed0b9,viper,dtilt,ground,after_step,3,4,clean,1,15.000,9.500,7.000,0,0
9cf312b0d76a11d9b79e6b4100f848d1878ed0b9,viper,dtilt,ground,after_step,4,5,clean,1,15.000,9.500,7.000,0,0
9cf312b0d76a11d9b79e6b4100f848d1878ed0b9,viper,dtilt,ground,after_step,5,6,clean,1,15.000,9.500,7.000,0,0
9cf312b0d76a11d9b79e6b4100f848d1878ed0b9,viper,dtilt,ground,after_step,6,7,,0,,,,0,0
9cf312b0d76a11d9b79e6b4100f848d1878ed0b9,viper,dtilt,ground,after_step,7,8,,0,,,,0,0
9cf312b0d76a11d9b79e6b4100f848d1878ed0b9,viper,dtilt,ground,after_step,8,9,,0,,,,0,0
9cf312b0d76a11d9b79e6b4100f848d1878ed0b9,viper,dtilt,ground,after_step,9,10,,0,,,,0,0
9cf312b0d76a11d9b79e6b4100f848d1878ed0b9,viper,dtilt,ground,after_step,10,11,,0,,,,0,0
9cf312b0d76a11d9b79e6b4100f848d1878ed0b9,viper,dtilt,ground,after_step,11,12,,0,,,,0,0
9cf312b0d76a11d9b79e6b4100f848d1878ed0b9,viper,dtilt,ground,after_step,12,13,,0,,,,0,0
9cf312b0d76a11d9b79e6b4100f848d1878ed0b9,viper,dtilt,ground,after_step,13,14,,0,,,,0,0
9cf312b0d76a11d9b79e6b4100f848d1878ed0b9,viper,dtilt,ground,after_step,14,15,,0,,,,0,0
9cf312b0d76a11d9b79e6b4100f848d1878ed0b9,viper,dtilt,ground,after_step,15,16,,0,,,,0,0
9cf312b0d76a11d9b79e6b4100f848d1878ed0b9,viper,dtilt,ground,after_step,16,17,,0,,,,0,0
9cf312b0d76a11d9b79e6b4100f848d1878ed0b9,viper,dtilt,ground,after_step,17,18,,0,,,,0,0
9cf312b0d76a11d9b79e6b4100f848d1878ed0b9,viper,dtilt,ground,after_step,18,19,,0,,,,0,0
9cf312b0d76a11d9b79e6b4100f848d1878ed0b9,viper,dtilt,ground,after_step,19,20,,0,,,,0,0
9cf312b0d76a11d9b79e6b4100f848d1878ed0b9,viper,dtilt,ground,after_step,20,21,,0,,,,0,0
9cf312b0d76a11d9b79e6b4100f848d1878ed0b9,viper,dtilt,ground,after_step,21,1,,0,,,,0,0
9cf312b0d76a11d9b79e6b4100f848d1878ed0b9,viper,fsmash,cstick,pre_step,0,8,,0,,,,0,0
9cf312b0d76a11d9b79e6b4100f848d1878ed0b9,viper,fsmash,cstick,after_step,0,1,,0,,,,0,0
9cf312b0d76a11d9b79e6b4100f848d1878ed0b9,viper,fsmash,cstick,after_step,1,2,,0,,,,0,0
9cf312b0d76a11d9b79e6b4100f848d1878ed0b9,viper,fsmash,cstick,after_step,2,3,,0,,,,0,0
9cf312b0d76a11d9b79e6b4100f848d1878ed0b9,viper,fsmash,cstick,after_step,3,4,,0,,,,0,0
9cf312b0d76a11d9b79e6b4100f848d1878ed0b9,viper,fsmash,cstick,after_step,4,5,,0,,,,0,0
9cf312b0d76a11d9b79e6b4100f848d1878ed0b9,viper,fsmash,cstick,after_step,5,6,,0,,,,0,0
9cf312b0d76a11d9b79e6b4100f848d1878ed0b9,viper,fsmash,cstick,after_step,6,7,,0,,,,0,0
9cf312b0d76a11d9b79e6b4100f848d1878ed0b9,viper,fsmash,cstick,after_step,7,8,clean,1,20.000,17.500,9.500,0,0
9cf312b0d76a11d9b79e6b4100f848d1878ed0b9,viper,fsmash,cstick,after_step,8,9,clean,1,20.000,17.500,9.500,0,0
9cf312b0d76a11d9b79e6b4100f848d1878ed0b9,viper,fsmash,cstick,after_step,9,10,clean,1,20.000,17.500,9.500,0,0
9cf312b0d76a11d9b79e6b4100f848d1878ed0b9,viper,fsmash,cstick,after_step,10,11,,0,,,,0,0
9cf312b0d76a11d9b79e6b4100f848d1878ed0b9,viper,fsmash,cstick,after_step,11,12,,0,,,,0,0
9cf312b0d76a11d9b79e6b4100f848d1878ed0b9,viper,fsmash,cstick,after_step,12,13,,0,,,,0,0
9cf312b0d76a11d9b79e6b4100f848d1878ed0b9,viper,fsmash,cstick,after_step,13,14,,0,,,,0,0
9cf312b0d76a11d9b79e6b4100f848d1878ed0b9,viper,fsmash,cstick,after_step,14,15,,0,,,,0,0
9cf312b0d76a11d9b79e6b4100f848d1878ed0b9,viper,fsmash,cstick,after_step,15,16,,0,,,,0,0
9cf312b0d76a11d9b79e6b4100f848d1878ed0b9,viper,fsmash,cstick,after_step,16,17,,0,,,,0,0
9cf312b0d76a11d9b79e6b4100f848d1878ed0b9,viper,fsmash,cstick,after_step,17,18,,0,,,,0,0
9cf312b0d76a11d9b79e6b4100f848d1878ed0b9,viper,fsmash,cstick,after_step,18,19,,0,,,,0,0
9cf312b0d76a11d9b79e6b4100f848d1878ed0b9,viper,fsmash,cstick,after_step,19,20,,0,,,,0,0
9cf312b0d76a11d9b79e6b4100f848d1878ed0b9,viper,fsmash,cstick,after_step,20,21,,0,,,,0,0
9cf312b0d76a11d9b79e6b4100f848d1878ed0b9,viper,fsmash,cstick,after_step,21,22,,0,,,,0,0
9cf312b0d76a11d9b79e6b4100f848d1878ed0b9,viper,fsmash,cstick,after_step,22,23,,0,,,,0,0
9cf312b0d76a11d9b79e6b4100f848d1878ed0b9,viper,fsmash,cstick,after_step,23,24,,0,,,,0,0
9cf312b0d76a11d9b79e6b4100f848d1878ed0b9,viper,fsmash,cstick,after_step,24,25,,0,,,,0,0
9cf312b0d76a11d9b79e6b4100f848d1878ed0b9,viper,fsmash,cstick,after_step,25,26,,0,,,,0,0
9cf312b0d76a11d9b79e6b4100f848d1878ed0b9,viper,fsmash,cstick,after_step,26,27,,0,,,,0,0
9cf312b0d76a11d9b79e6b4100f848d1878ed0b9,viper,fsmash,cstick,after_step,27,28,,0,,,,0,0
9cf312b0d76a11d9b79e6b4100f848d1878ed0b9,viper,fsmash,cstick,after_step,28,29,,0,,,,0,0
9cf312b0d76a11d9b79e6b4100f848d1878ed0b9,viper,fsmash,cstick,after_step,29,30,,0,,,,0,0
9cf312b0d76a11d9b79e6b4100f848d1878ed0b9,viper,fsmash,cstick,after_step,30,31,,0,,,,0,0
9cf312b0d76a11d9b79e6b4100f848d1878ed0b9,viper,fsmash,cstick,after_step,31,32,,0,,,,0,0
9cf312b0d76a11d9b79e6b4100f848d1878ed0b9,viper,fsmash,cstick,after_step,32,33,,0,,,,0,0
9cf312b0d76a11d9b79e6b4100f848d1878ed0b9,viper,fsmash,cstick,after_step,33,34,,0,,,,0,0
9cf312b0d76a11d9b79e6b4100f848d1878ed0b9,viper,fsmash,cstick,after_step,34,35,,0,,,,0,0
9cf312b0d76a11d9b79e6b4100f848d1878ed0b9,viper,fsmash,cstick,after_step,35,36,,0,,,,0,0
9cf312b0d76a11d9b79e6b4100f848d1878ed0b9,viper,fsmash,cstick,after_step,36,37,,0,,,,0,0
9cf312b0d76a11d9b79e6b4100f848d1878ed0b9,viper,fsmash,cstick,after_step,37,1,,0,,,,0,0
9cf312b0d76a11d9b79e6b4100f848d1878ed0b9,viper,fsmash,charged_max,pre_step,0,8,,0,,,,0,0
9cf312b0d76a11d9b79e6b4100f848d1878ed0b9,viper,fsmash,charged_max,after_step,0,1,,0,,,,0,0
9cf312b0d76a11d9b79e6b4100f848d1878ed0b9,viper,fsmash,charged_max,after_step,1,2,,0,,,,0,0
9cf312b0d76a11d9b79e6b4100f848d1878ed0b9,viper,fsmash,charged_max,after_step,2,3,,0,,,,0,0
9cf312b0d76a11d9b79e6b4100f848d1878ed0b9,viper,fsmash,charged_max,after_step,3,3,,0,,,,0,0
9cf312b0d76a11d9b79e6b4100f848d1878ed0b9,viper,fsmash,charged_max,after_step,4,3,,0,,,,0,0
9cf312b0d76a11d9b79e6b4100f848d1878ed0b9,viper,fsmash,charged_max,after_step,5,3,,0,,,,0,0
9cf312b0d76a11d9b79e6b4100f848d1878ed0b9,viper,fsmash,charged_max,after_step,6,3,,0,,,,0,0
9cf312b0d76a11d9b79e6b4100f848d1878ed0b9,viper,fsmash,charged_max,after_step,7,3,,0,,,,0,0
9cf312b0d76a11d9b79e6b4100f848d1878ed0b9,viper,fsmash,charged_max,after_step,8,3,,0,,,,0,0
9cf312b0d76a11d9b79e6b4100f848d1878ed0b9,viper,fsmash,charged_max,after_step,9,3,,0,,,,0,0
9cf312b0d76a11d9b79e6b4100f848d1878ed0b9,viper,fsmash,charged_max,after_step,10,3,,0,,,,0,0
9cf312b0d76a11d9b79e6b4100f848d1878ed0b9,viper,fsmash,charged_max,after_step,11,3,,0,,,,0,0
9cf312b0d76a11d9b79e6b4100f848d1878ed0b9,viper,fsmash,charged_max,after_step,12,3,,0,,,,0,0
9cf312b0d76a11d9b79e6b4100f848d1878ed0b9,viper,fsmash,charged_max,after_step,13,3,,0,,,,0,0
9cf312b0d76a11d9b79e6b4100f848d1878ed0b9,viper,fsmash,charged_max,after_step,14,3,,0,,,,0,0
9cf312b0d76a11d9b79e6b4100f848d1878ed0b9,viper,fsmash,charged_max,after_step,15,3,,0,,,,0,0
9cf312b0d76a11d9b79e6b4100f848d1878ed0b9,viper,fsmash,charged_max,after_step,16,3,,0,,,,0,0
9cf312b0d76a11d9b79e6b4100f848d1878ed0b9,viper,fsmash,charged_max,after_step,17,3,,0,,,,0,0
9cf312b0d76a11d9b79e6b4100f848d1878ed0b9,viper,fsmash,charged_max,after_step,18,3,,0,,,,0,0
9cf312b0d76a11d9b79e6b4100f848d1878ed0b9,viper,fsmash,charged_max,after_step,19,3,,0,,,,0,0
9cf312b0d76a11d9b79e6b4100f848d1878ed0b9,viper,fsmash,charged_max,after_step,20,3,,0,,,,0,0
9cf312b0d76a11d9b79e6b4100f848d1878ed0b9,viper,fsmash,charged_max,after_step,21,3,,0,,,,0,0
9cf312b0d76a11d9b79e6b4100f848d1878ed0b9,viper,fsmash,charged_max,after_step,22,3,,0,,,,0,0
9cf312b0d76a11d9b79e6b4100f848d1878ed0b9,viper,fsmash,charged_max,after_step,23,3,,0,,,,0,0
9cf312b0d76a11d9b79e6b4100f848d1878ed0b9,viper,fsmash,charged_max,after_step,24,3,,0,,,,0,0
9cf312b0d76a11d9b79e6b4100f848d1878ed0b9,viper,fsmash,charged_max,after_step,25,3,,0,,,,0,0
9cf312b0d76a11d9b79e6b4100f848d1878ed0b9,viper,fsmash,charged_max,after_step,26,3,,0,,,,0,0
9cf312b0d76a11d9b79e6b4100f848d1878ed0b9,viper,fsmash,charged_max,after_step,27,3,,0,,,,0,0
9cf312b0d76a11d9b79e6b4100f848d1878ed0b9,viper,fsmash,charged_max,after_step,28,3,,0,,,,0,0
9cf312b0d76a11d9b79e6b4100f848d1878ed0b9,viper,fsmash,charged_max,after_step,29,3,,0,,,,0,0
9cf312b0d76a11d9b79e6b4100f848d1878ed0b9,viper,fsmash,charged_max,after_step,30,3,,0,,,,0,0
9cf312b0d76a11d9b79e6b4100f848d1878ed0b9,viper,fsmash,charged_max,after_step,31,3,,0,,,,0,0
9cf312b0d76a11d9b79e6b4100f848d1878ed0b9,viper,fsmash,charged_max,after_step,32,3,,0,,,,0,0
9cf312b0d76a11d9b79e6b4100f848d1878ed0b9,viper,fsmash,charged_max,after_step,33,3,,0,,,,0,0
9cf312b0d76a11d9b79e6b4100f848d1878ed0b9,viper,fsmash,charged_max,after_step,34,3,,0,,,,0,0
9cf312b0d76a11d9b79e6b4100f848d1878ed0b9,viper,fsmash,charged_max,after_step,35,3,,0,,,,0,0
9cf312b0d76a11d9b79e6b4100f848d1878ed0b9,viper,fsmash,charged_max,after_step,36,3,,0,,,,0,0
9cf312b0d76a11d9b79e6b4100f848d1878ed0b9,viper,fsmash,charged_max,after_step,37,3,,0,,,,0,0
9cf312b0d76a11d9b79e6b4100f848d1878ed0b9,viper,fsmash,charged_max,after_step,38,3,,0,,,,0,0
9cf312b0d76a11d9b79e6b4100f848d1878ed0b9,viper,fsmash,charged_max,after_step,39,3,,0,,,,0,0
9cf312b0d76a11d9b79e6b4100f848d1878ed0b9,viper,fsmash,charged_max,after_step,40,3,,0,,,,0,0
9cf312b0d76a11d9b79e6b4100f848d1878ed0b9,viper,fsmash,charged_max,after_step,41,3,,0,,,,0,0
9cf312b0d76a11d9b79e6b4100f848d1878ed0b9,viper,fsmash,charged_max,after_step,42,3,,0,,,,0,0
9cf312b0d76a11d9b79e6b4100f848d1878ed0b9,viper,fsmash,charged_max,after_step,43,3,,0,,,,0,0
9cf312b0d76a11d9b79e6b4100f848d1878ed0b9,viper,fsmash,charged_max,after_step,44,3,,0,,,,0,0
9cf312b0d76a11d9b79e6b4100f848d1878ed0b9,viper,fsmash,charged_max,after_step,45,3,,0,,,,0,0
9cf312b0d76a11d9b79e6b4100f848d1878ed0b9,viper,fsmash,charged_max,after_step,46,3,,0,,,,0,0
9cf312b0d76a11d9b79e6b4100f848d1878ed0b9,viper,fsmash,charged_max,after_step,47,3,,0,,,,0,0
9cf312b0d76a11d9b79e6b4100f848d1878ed0b9,viper,fsmash,charged_max,after_step,48,3,,0,,,,0,0
9cf312b0d76a11d9b79e6b4100f848d1878ed0b9,viper,fsmash,charged_max,after_step,49,3,,0,,,,0,0
9cf312b0d76a11d9b79e6b4100f848d1878ed0b9,viper,fsmash,charged_max,after_step,50,3,,0,,,,0,0
9cf312b0d76a11d9b79e6b4100f848d1878ed0b9,viper,fsmash,charged_max,after_step,51,3,,0,,,,0,0
9cf312b0d76a11d9b79e6b4100f848d1878ed0b9,viper,fsmash,charged_max,after_step,52,3,,0,,,,0,0
9cf312b0d76a11d9b79e6b4100f848d1878ed0b9,viper,fsmash,charged_max,after_step,53,3,,0,,,,0,0
9cf312b0d76a11d9b79e6b4100f848d1878ed0b9,viper,fsmash,charged_max,after_step,54,3,,0,,,,0,0
9cf312b0d76a11d9b79e6b4100f848d1878ed0b9,viper,fsmash,charged_max,after_step,55,3,,0,,,,0,0
9cf312b0d76a11d9b79e6b4100f848d1878ed0b9,viper,fsmash,charged_max,after_step,56,3,,0,,,,0,0
9cf312b0d76a11d9b79e6b4100f848d1878ed0b9,viper,fsmash,charged_max,after_step,57,3,,0,,,,0,0
9cf312b0d76a11d9b79e6b4100f848d1878ed0b9,viper,fsmash,charged_max,after_step,58,3,,0,,,,0,0
9cf312b0d76a11d9b79e6b4100f848d1878ed0b9,viper,fsmash,charged_max,after_step,59,3,,0,,,,0,0
9cf312b0d76a11d9b79e6b4100f848d1878ed0b9,viper,fsmash,charged_max,after_step,60,3,,0,,,,0,0
9cf312b0d76a11d9b79e6b4100f848d1878ed0b9,viper,fsmash,charged_max,after_step,61,3,,0,,,,0,0
9cf312b0d76a11d9b79e6b4100f848d1878ed0b9,viper,fsmash,charged_max,after_step,62,3,,0,,,,0,0
9cf312b0d76a11d9b79e6b4100f848d1878ed0b9,viper,fsmash,charged_max,after_step,63,4,,0,,,,0,0
9cf312b0d76a11d9b79e6b4100f848d1878ed0b9,viper,fsmash,charged_max,after_step,64,5,,0,,,,0,0
9cf312b0d76a11d9b79e6b4100f848d1878ed0b9,viper,fsmash,charged_max,after_step,65,6,,0,,,,0,0
9cf312b0d76a11d9b79e6b4100f848d1878ed0b9,viper,fsmash,charged_max,after_step,66,7,,0,,,,0,0
9cf312b0d76a11d9b79e6b4100f848d1878ed0b9,viper,fsmash,charged_max,after_step,67,8,clean,1,20.000,17.500,9.500,0,0
9cf312b0d76a11d9b79e6b4100f848d1878ed0b9,viper,fsmash,charged_max,after_step,68,9,clean,1,20.000,17.500,9.500,0,0
9cf312b0d76a11d9b79e6b4100f848d1878ed0b9,viper,fsmash,charged_max,after_step,69,10,clean,1,20.000,17.500,9.500,0,0
9cf312b0d76a11d9b79e6b4100f848d1878ed0b9,viper,fsmash,charged_max,after_step,70,11,,0,,,,0,0
9cf312b0d76a11d9b79e6b4100f848d1878ed0b9,viper,fsmash,charged_max,after_step,71,12,,0,,,,0,0
9cf312b0d76a11d9b79e6b4100f848d1878ed0b9,viper,fsmash,charged_max,after_step,72,13,,0,,,,0,0
9cf312b0d76a11d9b79e6b4100f848d1878ed0b9,viper,fsmash,charged_max,after_step,73,14,,0,,,,0,0
9cf312b0d76a11d9b79e6b4100f848d1878ed0b9,viper,fsmash,charged_max,after_step,74,15,,0,,,,0,0
9cf312b0d76a11d9b79e6b4100f848d1878ed0b9,viper,fsmash,charged_max,after_step,75,16,,0,,,,0,0
9cf312b0d76a11d9b79e6b4100f848d1878ed0b9,viper,fsmash,charged_max,after_step,76,17,,0,,,,0,0
9cf312b0d76a11d9b79e6b4100f848d1878ed0b9,viper,fsmash,charged_max,after_step,77,18,,0,,,,0,0
9cf312b0d76a11d9b79e6b4100f848d1878ed0b9,viper,fsmash,charged_max,after_step,78,19,,0,,,,0,0
9cf312b0d76a11d9b79e6b4100f848d1878ed0b9,viper,fsmash,charged_max,after_step,79,20,,0,,,,0,0
9cf312b0d76a11d9b79e6b4100f848d1878ed0b9,viper,fsmash,charged_max,after_step,80,21,,0,,,,0,0
9cf312b0d76a11d9b79e6b4100f848d1878ed0b9,viper,fsmash,charged_max,after_step,81,22,,0,,,,0,0
9cf312b0d76a11d9b79e6b4100f848d1878ed0b9,viper,fsmash,charged_max,after_step,82,23,,0,,,,0,0
9cf312b0d76a11d9b79e6b4100f848d1878ed0b9,viper,fsmash,charged_max,after_step,83,24,,0,,,,0,0
9cf312b0d76a11d9b79e6b4100f848d1878ed0b9,viper,fsmash,charged_max,after_step,84,25,,0,,,,0,0
9cf312b0d76a11d9b79e6b4100f848d1878ed0b9,viper,fsmash,charged_max,after_step,85,26,,0,,,,0,0
9cf312b0d76a11d9b79e6b4100f848d1878ed0b9,viper,fsmash,charged_max,after_step,86,27,,0,,,,0,0
9cf312b0d76a11d9b79e6b4100f848d1878ed0b9,viper,fsmash,charged_max,after_step,87,28,,0,,,,0,0
9cf312b0d76a11d9b79e6b4100f848d1878ed0b9,viper,fsmash,charged_max,after_step,88,29,,0,,,,0,0
9cf312b0d76a11d9b79e6b4100f848d1878ed0b9,viper,fsmash,charged_max,after_step,89,30,,0,,,,0,0
9cf312b0d76a11d9b79e6b4100f848d1878ed0b9,viper,fsmash,charged_max,after_step,90,31,,0,,,,0,0
9cf312b0d76a11d9b79e6b4100f848d1878ed0b9,viper,fsmash,charged_max,after_step,91,32,,0,,,,0,0
9cf312b0d76a11d9b79e6b4100f848d1878ed0b9,viper,fsmash,charged_max,after_step,92,33,,0,,,,0,0
9cf312b0d76a11d9b79e6b4100f848d1878ed0b9,viper,fsmash,charged_max,after_step,93,34,,0,,,,0,0
9cf312b0d76a11d9b79e6b4100f848d1878ed0b9,viper,fsmash,charged_max,after_step,94,35,,0,,,,0,0
9cf312b0d76a11d9b79e6b4100f848d1878ed0b9,viper,fsmash,charged_max,after_step,95,36,,0,,,,0,0
9cf312b0d76a11d9b79e6b4100f848d1878ed0b9,viper,fsmash,charged_max,after_step,96,37,,0,,,,0,0
9cf312b0d76a11d9b79e6b4100f848d1878ed0b9,viper,fsmash,charged_max,after_step,97,1,,0,,,,0,0
9cf312b0d76a11d9b79e6b4100f848d1878ed0b9,viper,usmash,cstick,pre_step,0,8,,0,,,,0,0
9cf312b0d76a11d9b79e6b4100f848d1878ed0b9,viper,usmash,cstick,after_step,0,1,,0,,,,0,0
9cf312b0d76a11d9b79e6b4100f848d1878ed0b9,viper,usmash,cstick,after_step,1,2,,0,,,,0,0
9cf312b0d76a11d9b79e6b4100f848d1878ed0b9,viper,usmash,cstick,after_step,2,3,,0,,,,0,0
9cf312b0d76a11d9b79e6b4100f848d1878ed0b9,viper,usmash,cstick,after_step,3,4,,0,,,,0,0
9cf312b0d76a11d9b79e6b4100f848d1878ed0b9,viper,usmash,cstick,after_step,4,5,,0,,,,0,0
9cf312b0d76a11d9b79e6b4100f848d1878ed0b9,viper,usmash,cstick,after_step,5,6,clean,1,2.000,33.500,10.500,0,0
9cf312b0d76a11d9b79e6b4100f848d1878ed0b9,viper,usmash,cstick,after_step,6,7,clean,1,2.000,33.500,10.500,0,0
9cf312b0d76a11d9b79e6b4100f848d1878ed0b9,viper,usmash,cstick,after_step,7,8,clean,1,2.000,33.500,10.500,0,0
9cf312b0d76a11d9b79e6b4100f848d1878ed0b9,viper,usmash,cstick,after_step,8,9,clean,1,2.000,33.500,10.500,0,0
9cf312b0d76a11d9b79e6b4100f848d1878ed0b9,viper,usmash,cstick,after_step,9,10,late,1,2.000,33.500,10.500,0,0
9cf312b0d76a11d9b79e6b4100f848d1878ed0b9,viper,usmash,cstick,after_step,10,11,late,1,2.000,33.500,10.500,0,0
9cf312b0d76a11d9b79e6b4100f848d1878ed0b9,viper,usmash,cstick,after_step,11,12,late,1,2.000,33.500,10.500,0,0
9cf312b0d76a11d9b79e6b4100f848d1878ed0b9,viper,usmash,cstick,after_step,12,13,late,1,2.000,33.500,10.500,0,0
9cf312b0d76a11d9b79e6b4100f848d1878ed0b9,viper,usmash,cstick,after_step,13,14,late,1,2.000,33.500,10.500,0,0
9cf312b0d76a11d9b79e6b4100f848d1878ed0b9,viper,usmash,cstick,after_step,14,15,late,1,2.000,33.500,10.500,0,0
9cf312b0d76a11d9b79e6b4100f848d1878ed0b9,viper,usmash,cstick,after_step,15,16,,0,,,,0,0
9cf312b0d76a11d9b79e6b4100f848d1878ed0b9,viper,usmash,cstick,after_step,16,17,,0,,,,0,0
9cf312b0d76a11d9b79e6b4100f848d1878ed0b9,viper,usmash,cstick,after_step,17,18,,0,,,,0,0
9cf312b0d76a11d9b79e6b4100f848d1878ed0b9,viper,usmash,cstick,after_step,18,19,,0,,,,0,0
9cf312b0d76a11d9b79e6b4100f848d1878ed0b9,viper,usmash,cstick,after_step,19,20,,0,,,,0,0
9cf312b0d76a11d9b79e6b4100f848d1878ed0b9,viper,usmash,cstick,after_step,20,21,,0,,,,0,0
9cf312b0d76a11d9b79e6b4100f848d1878ed0b9,viper,usmash,cstick,after_step,21,22,,0,,,,0,0
9cf312b0d76a11d9b79e6b4100f848d1878ed0b9,viper,usmash,cstick,after_step,22,23,,0,,,,0,0
9cf312b0d76a11d9b79e6b4100f848d1878ed0b9,viper,usmash,cstick,after_step,23,24,,0,,,,0,0
9cf312b0d76a11d9b79e6b4100f848d1878ed0b9,viper,usmash,cstick,after_step,24,25,,0,,,,0,0
9cf312b0d76a11d9b79e6b4100f848d1878ed0b9,viper,usmash,cstick,after_step,25,26,,0,,,,0,0
9cf312b0d76a11d9b79e6b4100f848d1878ed0b9,viper,usmash,cstick,after_step,26,27,,0,,,,0,0
9cf312b0d76a11d9b79e6b4100f848d1878ed0b9,viper,usmash,cstick,after_step,27,28,,0,,,,0,0
9cf312b0d76a11d9b79e6b4100f848d1878ed0b9,viper,usmash,cstick,after_step,28,29,,0,,,,0,0
9cf312b0d76a11d9b79e6b4100f848d1878ed0b9,viper,usmash,cstick,after_step,29,30,,0,,,,0,0
9cf312b0d76a11d9b79e6b4100f848d1878ed0b9,viper,usmash,cstick,after_step,30,31,,0,,,,0,0
9cf312b0d76a11d9b79e6b4100f848d1878ed0b9,viper,usmash,cstick,after_step,31,32,,0,,,,0,0
9cf312b0d76a11d9b79e6b4100f848d1878ed0b9,viper,usmash,cstick,after_step,32,33,,0,,,,0,0
9cf312b0d76a11d9b79e6b4100f848d1878ed0b9,viper,usmash,cstick,after_step,33,34,,0,,,,0,0
9cf312b0d76a11d9b79e6b4100f848d1878ed0b9,viper,usmash,cstick,after_step,34,35,,0,,,,0,0
9cf312b0d76a11d9b79e6b4100f848d1878ed0b9,viper,usmash,cstick,after_step,35,36,,0,,,,0,0
9cf312b0d76a11d9b79e6b4100f848d1878ed0b9,viper,usmash,cstick,after_step,36,37,,0,,,,0,0
9cf312b0d76a11d9b79e6b4100f848d1878ed0b9,viper,usmash,cstick,after_step,37,38,,0,,,,0,0
9cf312b0d76a11d9b79e6b4100f848d1878ed0b9,viper,usmash,cstick,after_step,38,1,,0,,,,0,0
9cf312b0d76a11d9b79e6b4100f848d1878ed0b9,viper,dsmash,cstick,pre_step,0,8,,0,,,,0,0
9cf312b0d76a11d9b79e6b4100f848d1878ed0b9,viper,dsmash,cstick,after_step,0,1,,0,,,,0,0
9cf312b0d76a11d9b79e6b4100f848d1878ed0b9,viper,dsmash,cstick,after_step,1,2,,0,,,,0,0
9cf312b0d76a11d9b79e6b4100f848d1878ed0b9,viper,dsmash,cstick,after_step,2,3,,0,,,,0,0
9cf312b0d76a11d9b79e6b4100f848d1878ed0b9,viper,dsmash,cstick,after_step,3,4,,0,,,,0,0
9cf312b0d76a11d9b79e6b4100f848d1878ed0b9,viper,dsmash,cstick,after_step,4,5,clean,1,18.000,11.500,9.000,0,0
9cf312b0d76a11d9b79e6b4100f848d1878ed0b9,viper,dsmash,cstick,after_step,5,6,clean,1,18.000,11.500,9.000,0,0
9cf312b0d76a11d9b79e6b4100f848d1878ed0b9,viper,dsmash,cstick,after_step,6,7,clean,1,18.000,11.500,9.000,0,0
9cf312b0d76a11d9b79e6b4100f848d1878ed0b9,viper,dsmash,cstick,after_step,7,8,,0,,,,0,0
9cf312b0d76a11d9b79e6b4100f848d1878ed0b9,viper,dsmash,cstick,after_step,8,9,,0,,,,0,0
9cf312b0d76a11d9b79e6b4100f848d1878ed0b9,viper,dsmash,cstick,after_step,9,10,,0,,,,0,0
9cf312b0d76a11d9b79e6b4100f848d1878ed0b9,viper,dsmash,cstick,after_step,10,11,,0,,,,0,0
9cf312b0d76a11d9b79e6b4100f848d1878ed0b9,viper,dsmash,cstick,after_step,11,12,,0,,,,0,0
9cf312b0d76a11d9b79e6b4100f848d1878ed0b9,viper,dsmash,cstick,after_step,12,13,,0,,,,0,0
9cf312b0d76a11d9b79e6b4100f848d1878ed0b9,viper,dsmash,cstick,after_step,13,14,,0,,,,0,0
9cf312b0d76a11d9b79e6b4100f848d1878ed0b9,viper,dsmash,cstick,after_step,14,15,,0,,,,0,0
9cf312b0d76a11d9b79e6b4100f848d1878ed0b9,viper,dsmash,cstick,after_step,15,16,,0,,,,0,0
9cf312b0d76a11d9b79e6b4100f848d1878ed0b9,viper,dsmash,cstick,after_step,16,17,,0,,,,0,0
9cf312b0d76a11d9b79e6b4100f848d1878ed0b9,viper,dsmash,cstick,after_step,17,18,,0,,,,0,0
9cf312b0d76a11d9b79e6b4100f848d1878ed0b9,viper,dsmash,cstick,after_step,18,19,,0,,,,0,0
9cf312b0d76a11d9b79e6b4100f848d1878ed0b9,viper,dsmash,cstick,after_step,19,20,,0,,,,0,0
9cf312b0d76a11d9b79e6b4100f848d1878ed0b9,viper,dsmash,cstick,after_step,20,21,,0,,,,0,0
9cf312b0d76a11d9b79e6b4100f848d1878ed0b9,viper,dsmash,cstick,after_step,21,22,,0,,,,0,0
9cf312b0d76a11d9b79e6b4100f848d1878ed0b9,viper,dsmash,cstick,after_step,22,23,,0,,,,0,0
9cf312b0d76a11d9b79e6b4100f848d1878ed0b9,viper,dsmash,cstick,after_step,23,24,,0,,,,0,0
9cf312b0d76a11d9b79e6b4100f848d1878ed0b9,viper,dsmash,cstick,after_step,24,25,,0,,,,0,0
9cf312b0d76a11d9b79e6b4100f848d1878ed0b9,viper,dsmash,cstick,after_step,25,26,,0,,,,0,0
9cf312b0d76a11d9b79e6b4100f848d1878ed0b9,viper,dsmash,cstick,after_step,26,27,,0,,,,0,0
9cf312b0d76a11d9b79e6b4100f848d1878ed0b9,viper,dsmash,cstick,after_step,27,28,,0,,,,0,0
9cf312b0d76a11d9b79e6b4100f848d1878ed0b9,viper,dsmash,cstick,after_step,28,29,,0,,,,0,0
9cf312b0d76a11d9b79e6b4100f848d1878ed0b9,viper,dsmash,cstick,after_step,29,30,,0,,,,0,0
9cf312b0d76a11d9b79e6b4100f848d1878ed0b9,viper,dsmash,cstick,after_step,30,31,,0,,,,0,0
9cf312b0d76a11d9b79e6b4100f848d1878ed0b9,viper,dsmash,cstick,after_step,31,32,,0,,,,0,0
9cf312b0d76a11d9b79e6b4100f848d1878ed0b9,viper,dsmash,cstick,after_step,32,33,,0,,,,0,0
9cf312b0d76a11d9b79e6b4100f848d1878ed0b9,viper,dsmash,cstick,after_step,33,34,,0,,,,0,0
9cf312b0d76a11d9b79e6b4100f848d1878ed0b9,viper,dsmash,cstick,after_step,34,1,,0,,,,0,0
9cf312b0d76a11d9b79e6b4100f848d1878ed0b9,viper,dash_attack,from_dash,after_step,3,4,,0,,,,0,0
9cf312b0d76a11d9b79e6b4100f848d1878ed0b9,viper,dash_attack,from_dash,after_step,4,1,,0,,,,0,0
9cf312b0d76a11d9b79e6b4100f848d1878ed0b9,viper,dash_attack,from_dash,after_step,5,2,,0,,,,0,0
9cf312b0d76a11d9b79e6b4100f848d1878ed0b9,viper,dash_attack,from_dash,after_step,6,3,,0,,,,0,0
9cf312b0d76a11d9b79e6b4100f848d1878ed0b9,viper,dash_attack,from_dash,after_step,7,4,clean,1,37.530,19.500,9.000,0,0
9cf312b0d76a11d9b79e6b4100f848d1878ed0b9,viper,dash_attack,from_dash,after_step,8,5,clean,1,40.425,19.500,9.000,0,0
9cf312b0d76a11d9b79e6b4100f848d1878ed0b9,viper,dash_attack,from_dash,after_step,9,6,clean,1,43.185,19.500,9.000,0,0
9cf312b0d76a11d9b79e6b4100f848d1878ed0b9,viper,dash_attack,from_dash,after_step,10,7,clean,1,45.810,19.500,9.000,0,0
9cf312b0d76a11d9b79e6b4100f848d1878ed0b9,viper,dash_attack,from_dash,after_step,11,8,late,1,48.300,19.500,9.000,0,0
9cf312b0d76a11d9b79e6b4100f848d1878ed0b9,viper,dash_attack,from_dash,after_step,12,9,late,1,50.655,19.500,9.000,0,0
9cf312b0d76a11d9b79e6b4100f848d1878ed0b9,viper,dash_attack,from_dash,after_step,13,10,late,1,52.875,19.500,9.000,0,0
9cf312b0d76a11d9b79e6b4100f848d1878ed0b9,viper,dash_attack,from_dash,after_step,14,11,late,1,54.960,19.500,9.000,0,0
9cf312b0d76a11d9b79e6b4100f848d1878ed0b9,viper,dash_attack,from_dash,after_step,15,12,late,1,56.910,19.500,9.000,0,0
9cf312b0d76a11d9b79e6b4100f848d1878ed0b9,viper,dash_attack,from_dash,after_step,16,13,,0,,,,0,0
9cf312b0d76a11d9b79e6b4100f848d1878ed0b9,viper,dash_attack,from_dash,after_step,17,14,,0,,,,0,0
9cf312b0d76a11d9b79e6b4100f848d1878ed0b9,viper,dash_attack,from_dash,after_step,18,15,,0,,,,0,0
9cf312b0d76a11d9b79e6b4100f848d1878ed0b9,viper,dash_attack,from_dash,after_step,19,16,,0,,,,0,0
9cf312b0d76a11d9b79e6b4100f848d1878ed0b9,viper,dash_attack,from_dash,after_step,20,17,,0,,,,0,0
9cf312b0d76a11d9b79e6b4100f848d1878ed0b9,viper,dash_attack,from_dash,after_step,21,18,,0,,,,0,0
9cf312b0d76a11d9b79e6b4100f848d1878ed0b9,viper,dash_attack,from_dash,after_step,22,19,,0,,,,0,0
9cf312b0d76a11d9b79e6b4100f848d1878ed0b9,viper,dash_attack,from_dash,after_step,23,20,,0,,,,0,0
9cf312b0d76a11d9b79e6b4100f848d1878ed0b9,viper,dash_attack,from_dash,after_step,24,21,,0,,,,0,0
9cf312b0d76a11d9b79e6b4100f848d1878ed0b9,viper,dash_attack,from_dash,after_step,25,22,,0,,,,0,0
9cf312b0d76a11d9b79e6b4100f848d1878ed0b9,viper,dash_attack,from_dash,after_step,26,23,,0,,,,0,0
9cf312b0d76a11d9b79e6b4100f848d1878ed0b9,viper,dash_attack,from_dash,after_step,27,24,,0,,,,0,0
9cf312b0d76a11d9b79e6b4100f848d1878ed0b9,viper,dash_attack,from_dash,after_step,28,25,,0,,,,0,0
9cf312b0d76a11d9b79e6b4100f848d1878ed0b9,viper,dash_attack,from_dash,after_step,29,26,,0,,,,0,0
9cf312b0d76a11d9b79e6b4100f848d1878ed0b9,viper,dash_attack,from_dash,after_step,30,27,,0,,,,0,0
9cf312b0d76a11d9b79e6b4100f848d1878ed0b9,viper,dash_attack,from_dash,after_step,31,28,,0,,,,0,0
9cf312b0d76a11d9b79e6b4100f848d1878ed0b9,viper,dash_attack,from_dash,after_step,32,29,,0,,,,0,0
9cf312b0d76a11d9b79e6b4100f848d1878ed0b9,viper,dash_attack,from_dash,after_step,33,30,,0,,,,0,0
9cf312b0d76a11d9b79e6b4100f848d1878ed0b9,viper,dash_attack,from_dash,after_step,34,31,,0,,,,0,0
9cf312b0d76a11d9b79e6b4100f848d1878ed0b9,viper,dash_attack,from_dash,after_step,35,32,,0,,,,0,0
9cf312b0d76a11d9b79e6b4100f848d1878ed0b9,viper,dash_attack,from_dash,after_step,36,33,,0,,,,0,0
9cf312b0d76a11d9b79e6b4100f848d1878ed0b9,viper,dash_attack,from_dash,after_step,37,1,,0,,,,0,0
9cf312b0d76a11d9b79e6b4100f848d1878ed0b9,viper,nair,fullhop,after_step,7,6,,0,,,,0,0
9cf312b0d76a11d9b79e6b4100f848d1878ed0b9,viper,nair,fullhop,after_step,8,1,,0,,,,0,0
9cf312b0d76a11d9b79e6b4100f848d1878ed0b9,viper,nair,fullhop,after_step,9,2,clean,1,11.000,60.300,9.500,0,0
9cf312b0d76a11d9b79e6b4100f848d1878ed0b9,viper,nair,fullhop,after_step,10,3,clean,1,11.000,64.300,9.500,0,0
9cf312b0d76a11d9b79e6b4100f848d1878ed0b9,viper,nair,fullhop,after_step,11,4,clean,1,11.000,68.000,9.500,0,0
9cf312b0d76a11d9b79e6b4100f848d1878ed0b9,viper,nair,fullhop,after_step,12,5,clean,1,11.000,71.400,9.500,0,0
9cf312b0d76a11d9b79e6b4100f848d1878ed0b9,viper,nair,fullhop,after_step,13,6,late,1,11.000,74.500,9.500,0,0
9cf312b0d76a11d9b79e6b4100f848d1878ed0b9,viper,nair,fullhop,after_step,14,7,late,1,11.000,77.300,9.500,0,0
9cf312b0d76a11d9b79e6b4100f848d1878ed0b9,viper,nair,fullhop,after_step,15,8,late,1,11.000,79.800,9.500,0,0
9cf312b0d76a11d9b79e6b4100f848d1878ed0b9,viper,nair,fullhop,after_step,16,9,late,1,11.000,82.000,9.500,0,0
9cf312b0d76a11d9b79e6b4100f848d1878ed0b9,viper,nair,fullhop,after_step,17,10,late,1,11.000,83.900,9.500,0,0
9cf312b0d76a11d9b79e6b4100f848d1878ed0b9,viper,nair,fullhop,after_step,18,11,late,1,11.000,85.500,9.500,0,0
9cf312b0d76a11d9b79e6b4100f848d1878ed0b9,viper,nair,fullhop,after_step,19,12,late,1,11.000,86.800,9.500,0,0
9cf312b0d76a11d9b79e6b4100f848d1878ed0b9,viper,nair,fullhop,after_step,20,13,late,1,11.000,87.800,9.500,0,0
9cf312b0d76a11d9b79e6b4100f848d1878ed0b9,viper,nair,fullhop,after_step,21,14,late,1,11.000,88.500,9.500,0,0
9cf312b0d76a11d9b79e6b4100f848d1878ed0b9,viper,nair,fullhop,after_step,22,15,late,1,11.000,88.900,9.500,0,0
9cf312b0d76a11d9b79e6b4100f848d1878ed0b9,viper,nair,fullhop,after_step,23,16,late,1,11.000,89.000,9.500,0,0
9cf312b0d76a11d9b79e6b4100f848d1878ed0b9,viper,nair,fullhop,after_step,24,17,late,1,11.000,88.800,9.500,0,0
9cf312b0d76a11d9b79e6b4100f848d1878ed0b9,viper,nair,fullhop,after_step,25,18,late,1,11.000,88.300,9.500,0,0
9cf312b0d76a11d9b79e6b4100f848d1878ed0b9,viper,nair,fullhop,after_step,26,19,late,1,11.000,87.500,9.500,0,0
9cf312b0d76a11d9b79e6b4100f848d1878ed0b9,viper,nair,fullhop,after_step,27,20,late,1,11.000,86.400,9.500,0,0
9cf312b0d76a11d9b79e6b4100f848d1878ed0b9,viper,nair,fullhop,after_step,28,21,late,1,11.000,85.000,9.500,0,0
9cf312b0d76a11d9b79e6b4100f848d1878ed0b9,viper,nair,fullhop,after_step,29,22,late,1,11.000,83.300,9.500,0,0
9cf312b0d76a11d9b79e6b4100f848d1878ed0b9,viper,nair,fullhop,after_step,30,23,late,1,11.000,81.300,9.500,0,0
9cf312b0d76a11d9b79e6b4100f848d1878ed0b9,viper,nair,fullhop,after_step,31,24,,0,,,,0,0
9cf312b0d76a11d9b79e6b4100f848d1878ed0b9,viper,nair,fullhop,after_step,32,25,,0,,,,0,0
9cf312b0d76a11d9b79e6b4100f848d1878ed0b9,viper,nair,fullhop,after_step,33,26,,0,,,,0,0
9cf312b0d76a11d9b79e6b4100f848d1878ed0b9,viper,nair,fullhop,after_step,34,27,,0,,,,0,0
9cf312b0d76a11d9b79e6b4100f848d1878ed0b9,viper,nair,fullhop,after_step,35,28,,0,,,,0,0
9cf312b0d76a11d9b79e6b4100f848d1878ed0b9,viper,nair,fullhop,after_step,36,29,,0,,,,0,0
9cf312b0d76a11d9b79e6b4100f848d1878ed0b9,viper,nair,fullhop,after_step,37,30,,0,,,,0,0
9cf312b0d76a11d9b79e6b4100f848d1878ed0b9,viper,nair,fullhop,after_step,38,31,,0,,,,0,0
9cf312b0d76a11d9b79e6b4100f848d1878ed0b9,viper,nair,fullhop,after_step,39,32,,0,,,,0,0
9cf312b0d76a11d9b79e6b4100f848d1878ed0b9,viper,nair,fullhop,after_step,40,33,,0,,,,0,0
9cf312b0d76a11d9b79e6b4100f848d1878ed0b9,viper,nair,fullhop,after_step,41,34,,0,,,,0,0
9cf312b0d76a11d9b79e6b4100f848d1878ed0b9,viper,nair,fullhop,after_step,42,1,,0,,,,0,0
9cf312b0d76a11d9b79e6b4100f848d1878ed0b9,viper,fair,fullhop,after_step,7,6,,0,,,,0,0
9cf312b0d76a11d9b79e6b4100f848d1878ed0b9,viper,fair,fullhop,after_step,8,1,,0,,,,0,0
9cf312b0d76a11d9b79e6b4100f848d1878ed0b9,viper,fair,fullhop,after_step,9,2,,0,,,,0,0
9cf312b0d76a11d9b79e6b4100f848d1878ed0b9,viper,fair,fullhop,after_step,10,3,,0,,,,0,0
9cf312b0d76a11d9b79e6b4100f848d1878ed0b9,viper,fair,fullhop,after_step,11,4,,0,,,,0,0
9cf312b0d76a11d9b79e6b4100f848d1878ed0b9,viper,fair,fullhop,after_step,12,5,clean,1,18.960,73.400,8.000,0,0
9cf312b0d76a11d9b79e6b4100f848d1878ed0b9,viper,fair,fullhop,after_step,13,6,clean,1,19.360,76.500,8.000,0,0
9cf312b0d76a11d9b79e6b4100f848d1878ed0b9,viper,fair,fullhop,after_step,14,7,clean,1,19.720,79.300,8.000,0,0
9cf312b0d76a11d9b79e6b4100f848d1878ed0b9,viper,fair,fullhop,after_step,15,8,clean,1,20.040,81.800,8.000,0,0
9cf312b0d76a11d9b79e6b4100f848d1878ed0b9,viper,fair,fullhop,after_step,16,9,,0,,,,0,0
9cf312b0d76a11d9b79e6b4100f848d1878ed0b9,viper,fair,fullhop,after_step,17,10,,0,,,,0,0
9cf312b0d76a11d9b79e6b4100f848d1878ed0b9,viper,fair,fullhop,after_step,18,11,,0,,,,0,0
9cf312b0d76a11d9b79e6b4100f848d1878ed0b9,viper,fair,fullhop,after_step,19,12,,0,,,,0,0
9cf312b0d76a11d9b79e6b4100f848d1878ed0b9,viper,fair,fullhop,after_step,20,13,,0,,,,0,0
9cf312b0d76a11d9b79e6b4100f848d1878ed0b9,viper,fair,fullhop,after_step,21,14,,0,,,,0,0
9cf312b0d76a11d9b79e6b4100f848d1878ed0b9,viper,fair,fullhop,after_step,22,15,,0,,,,0,0
9cf312b0d76a11d9b79e6b4100f848d1878ed0b9,viper,fair,fullhop,after_step,23,16,,0,,,,0,0
9cf312b0d76a11d9b79e6b4100f848d1878ed0b9,viper,fair,fullhop,after_step,24,17,,0,,,,0,0
9cf312b0d76a11d9b79e6b4100f848d1878ed0b9,viper,fair,fullhop,after_step,25,18,,0,,,,0,0
9cf312b0d76a11d9b79e6b4100f848d1878ed0b9,viper,fair,fullhop,after_step,26,19,,0,,,,0,0
9cf312b0d76a11d9b79e6b4100f848d1878ed0b9,viper,fair,fullhop,after_step,27,20,,0,,,,0,0
9cf312b0d76a11d9b79e6b4100f848d1878ed0b9,viper,fair,fullhop,after_step,28,21,,0,,,,0,0
9cf312b0d76a11d9b79e6b4100f848d1878ed0b9,viper,fair,fullhop,after_step,29,22,,0,,,,0,0
9cf312b0d76a11d9b79e6b4100f848d1878ed0b9,viper,fair,fullhop,after_step,30,23,,0,,,,0,0
9cf312b0d76a11d9b79e6b4100f848d1878ed0b9,viper,fair,fullhop,after_step,31,24,,0,,,,0,0
9cf312b0d76a11d9b79e6b4100f848d1878ed0b9,viper,fair,fullhop,after_step,32,25,,0,,,,0,0
9cf312b0d76a11d9b79e6b4100f848d1878ed0b9,viper,fair,fullhop,after_step,33,26,,0,,,,0,0
9cf312b0d76a11d9b79e6b4100f848d1878ed0b9,viper,fair,fullhop,after_step,34,27,,0,,,,0,0
9cf312b0d76a11d9b79e6b4100f848d1878ed0b9,viper,fair,fullhop,after_step,35,28,,0,,,,0,0
9cf312b0d76a11d9b79e6b4100f848d1878ed0b9,viper,fair,fullhop,after_step,36,29,,0,,,,0,0
9cf312b0d76a11d9b79e6b4100f848d1878ed0b9,viper,fair,fullhop,after_step,37,30,,0,,,,0,0
9cf312b0d76a11d9b79e6b4100f848d1878ed0b9,viper,fair,fullhop,after_step,38,31,,0,,,,0,0
9cf312b0d76a11d9b79e6b4100f848d1878ed0b9,viper,fair,fullhop,after_step,39,1,,0,,,,0,0
9cf312b0d76a11d9b79e6b4100f848d1878ed0b9,viper,bair,fullhop,after_step,7,6,,0,,,,0,0
9cf312b0d76a11d9b79e6b4100f848d1878ed0b9,viper,bair,fullhop,after_step,8,1,,0,,,,0,0
9cf312b0d76a11d9b79e6b4100f848d1878ed0b9,viper,bair,fullhop,after_step,9,2,,0,,,,0,0
9cf312b0d76a11d9b79e6b4100f848d1878ed0b9,viper,bair,fullhop,after_step,10,3,,0,,,,0,0
9cf312b0d76a11d9b79e6b4100f848d1878ed0b9,viper,bair,fullhop,after_step,11,4,clean,1,-18.520,68.000,8.000,0,0
9cf312b0d76a11d9b79e6b4100f848d1878ed0b9,viper,bair,fullhop,after_step,12,5,clean,1,-18.960,71.400,8.000,0,0
9cf312b0d76a11d9b79e6b4100f848d1878ed0b9,viper,bair,fullhop,after_step,13,6,clean,1,-19.360,74.500,8.000,0,0
9cf312b0d76a11d9b79e6b4100f848d1878ed0b9,viper,bair,fullhop,after_step,14,7,clean,1,-19.720,77.300,8.000,0,0
9cf312b0d76a11d9b79e6b4100f848d1878ed0b9,viper,bair,fullhop,after_step,15,8,late,1,-20.040,79.800,8.000,0,0
9cf312b0d76a11d9b79e6b4100f848d1878ed0b9,viper,bair,fullhop,after_step,16,9,late,1,-20.320,82.000,8.000,0,0
9cf312b0d76a11d9b79e6b4100f848d1878ed0b9,viper,bair,fullhop,after_step,17,10,late,1,-20.560,83.900,8.000,0,0
9cf312b0d76a11d9b79e6b4100f848d1878ed0b9,viper,bair,fullhop,after_step,18,11,late,1,-20.760,85.500,8.000,0,0
9cf312b0d76a11d9b79e6b4100f848d1878ed0b9,viper,bair,fullhop,after_step,19,12,late,1,-20.920,86.800,8.000,0,0
9cf312b0d76a11d9b79e6b4100f848d1878ed0b9,viper,bair,fullhop,after_step,20,13,late,1,-21.040,87.800,8.000,0,0
9cf312b0d76a11d9b79e6b4100f848d1878ed0b9,viper,bair,fullhop,after_step,21,14,late,1,-21.120,88.500,8.000,0,0
9cf312b0d76a11d9b79e6b4100f848d1878ed0b9,viper,bair,fullhop,after_step,22,15,late,1,-21.160,88.900,8.000,0,0
9cf312b0d76a11d9b79e6b4100f848d1878ed0b9,viper,bair,fullhop,after_step,23,16,late,1,-21.160,89.000,8.000,0,0
9cf312b0d76a11d9b79e6b4100f848d1878ed0b9,viper,bair,fullhop,after_step,24,17,late,1,-21.160,88.800,8.000,0,0
9cf312b0d76a11d9b79e6b4100f848d1878ed0b9,viper,bair,fullhop,after_step,25,18,,0,,,,0,0
9cf312b0d76a11d9b79e6b4100f848d1878ed0b9,viper,bair,fullhop,after_step,26,19,,0,,,,0,0
9cf312b0d76a11d9b79e6b4100f848d1878ed0b9,viper,bair,fullhop,after_step,27,20,,0,,,,0,0
9cf312b0d76a11d9b79e6b4100f848d1878ed0b9,viper,bair,fullhop,after_step,28,21,,0,,,,0,0
9cf312b0d76a11d9b79e6b4100f848d1878ed0b9,viper,bair,fullhop,after_step,29,22,,0,,,,0,0
9cf312b0d76a11d9b79e6b4100f848d1878ed0b9,viper,bair,fullhop,after_step,30,23,,0,,,,0,0
9cf312b0d76a11d9b79e6b4100f848d1878ed0b9,viper,bair,fullhop,after_step,31,24,,0,,,,0,0
9cf312b0d76a11d9b79e6b4100f848d1878ed0b9,viper,bair,fullhop,after_step,32,25,,0,,,,0,0
9cf312b0d76a11d9b79e6b4100f848d1878ed0b9,viper,bair,fullhop,after_step,33,26,,0,,,,0,0
9cf312b0d76a11d9b79e6b4100f848d1878ed0b9,viper,bair,fullhop,after_step,34,27,,0,,,,0,0
9cf312b0d76a11d9b79e6b4100f848d1878ed0b9,viper,bair,fullhop,after_step,35,28,,0,,,,0,0
9cf312b0d76a11d9b79e6b4100f848d1878ed0b9,viper,bair,fullhop,after_step,36,29,,0,,,,0,0
9cf312b0d76a11d9b79e6b4100f848d1878ed0b9,viper,bair,fullhop,after_step,37,30,,0,,,,0,0
9cf312b0d76a11d9b79e6b4100f848d1878ed0b9,viper,bair,fullhop,after_step,38,31,,0,,,,0,0
9cf312b0d76a11d9b79e6b4100f848d1878ed0b9,viper,bair,fullhop,after_step,39,32,,0,,,,0,0
9cf312b0d76a11d9b79e6b4100f848d1878ed0b9,viper,bair,fullhop,after_step,40,33,,0,,,,0,0
9cf312b0d76a11d9b79e6b4100f848d1878ed0b9,viper,bair,fullhop,after_step,41,34,,0,,,,0,0
9cf312b0d76a11d9b79e6b4100f848d1878ed0b9,viper,bair,fullhop,after_step,42,1,,0,,,,0,0
9cf312b0d76a11d9b79e6b4100f848d1878ed0b9,viper,uair,fullhop,after_step,7,6,,0,,,,0,0
9cf312b0d76a11d9b79e6b4100f848d1878ed0b9,viper,uair,fullhop,after_step,8,1,,0,,,,0,0
9cf312b0d76a11d9b79e6b4100f848d1878ed0b9,viper,uair,fullhop,after_step,9,2,,0,,,,0,0
9cf312b0d76a11d9b79e6b4100f848d1878ed0b9,viper,uair,fullhop,after_step,10,3,,0,,,,0,0
9cf312b0d76a11d9b79e6b4100f848d1878ed0b9,viper,uair,fullhop,after_step,11,4,clean,1,2.000,81.000,9.000,0,0
9cf312b0d76a11d9b79e6b4100f848d1878ed0b9,viper,uair,fullhop,after_step,12,5,clean,1,2.000,84.400,9.000,0,0
9cf312b0d76a11d9b79e6b4100f848d1878ed0b9,viper,uair,fullhop,after_step,13,6,clean,1,2.000,87.500,9.000,0,0
9cf312b0d76a11d9b79e6b4100f848d1878ed0b9,viper,uair,fullhop,after_step,14,7,clean,1,2.000,90.300,9.000,0,0
9cf312b0d76a11d9b79e6b4100f848d1878ed0b9,viper,uair,fullhop,after_step,15,8,,0,,,,0,0
9cf312b0d76a11d9b79e6b4100f848d1878ed0b9,viper,uair,fullhop,after_step,16,9,,0,,,,0,0
9cf312b0d76a11d9b79e6b4100f848d1878ed0b9,viper,uair,fullhop,after_step,17,10,,0,,,,0,0
9cf312b0d76a11d9b79e6b4100f848d1878ed0b9,viper,uair,fullhop,after_step,18,11,,0,,,,0,0
9cf312b0d76a11d9b79e6b4100f848d1878ed0b9,viper,uair,fullhop,after_step,19,12,,0,,,,0,0
9cf312b0d76a11d9b79e6b4100f848d1878ed0b9,viper,uair,fullhop,after_step,20,13,,0,,,,0,0
9cf312b0d76a11d9b79e6b4100f848d1878ed0b9,viper,uair,fullhop,after_step,21,14,,0,,,,0,0
9cf312b0d76a11d9b79e6b4100f848d1878ed0b9,viper,uair,fullhop,after_step,22,15,,0,,,,0,0
9cf312b0d76a11d9b79e6b4100f848d1878ed0b9,viper,uair,fullhop,after_step,23,16,,0,,,,0,0
9cf312b0d76a11d9b79e6b4100f848d1878ed0b9,viper,uair,fullhop,after_step,24,17,,0,,,,0,0
9cf312b0d76a11d9b79e6b4100f848d1878ed0b9,viper,uair,fullhop,after_step,25,18,,0,,,,0,0
9cf312b0d76a11d9b79e6b4100f848d1878ed0b9,viper,uair,fullhop,after_step,26,19,,0,,,,0,0
9cf312b0d76a11d9b79e6b4100f848d1878ed0b9,viper,uair,fullhop,after_step,27,20,,0,,,,0,0
9cf312b0d76a11d9b79e6b4100f848d1878ed0b9,viper,uair,fullhop,after_step,28,21,,0,,,,0,0
9cf312b0d76a11d9b79e6b4100f848d1878ed0b9,viper,uair,fullhop,after_step,29,22,,0,,,,0,0
9cf312b0d76a11d9b79e6b4100f848d1878ed0b9,viper,uair,fullhop,after_step,30,23,,0,,,,0,0
9cf312b0d76a11d9b79e6b4100f848d1878ed0b9,viper,uair,fullhop,after_step,31,24,,0,,,,0,0
9cf312b0d76a11d9b79e6b4100f848d1878ed0b9,viper,uair,fullhop,after_step,32,25,,0,,,,0,0
9cf312b0d76a11d9b79e6b4100f848d1878ed0b9,viper,uair,fullhop,after_step,33,26,,0,,,,0,0
9cf312b0d76a11d9b79e6b4100f848d1878ed0b9,viper,uair,fullhop,after_step,34,27,,0,,,,0,0
9cf312b0d76a11d9b79e6b4100f848d1878ed0b9,viper,uair,fullhop,after_step,35,28,,0,,,,0,0
9cf312b0d76a11d9b79e6b4100f848d1878ed0b9,viper,uair,fullhop,after_step,36,1,,0,,,,0,0
9cf312b0d76a11d9b79e6b4100f848d1878ed0b9,viper,dair,fullhop,after_step,7,6,,0,,,,0,0
9cf312b0d76a11d9b79e6b4100f848d1878ed0b9,viper,dair,fullhop,after_step,8,1,,0,,,,0,0
9cf312b0d76a11d9b79e6b4100f848d1878ed0b9,viper,dair,fullhop,after_step,9,2,,0,,,,0,0
9cf312b0d76a11d9b79e6b4100f848d1878ed0b9,viper,dair,fullhop,after_step,10,3,,0,,,,0,0
9cf312b0d76a11d9b79e6b4100f848d1878ed0b9,viper,dair,fullhop,after_step,11,4,,0,,,,0,0
9cf312b0d76a11d9b79e6b4100f848d1878ed0b9,viper,dair,fullhop,after_step,12,5,,0,,,,0,0
9cf312b0d76a11d9b79e6b4100f848d1878ed0b9,viper,dair,fullhop,after_step,13,6,clean,1,7.000,55.500,8.000,0,0
9cf312b0d76a11d9b79e6b4100f848d1878ed0b9,viper,dair,fullhop,after_step,14,7,clean,1,7.000,58.300,8.000,0,0
9cf312b0d76a11d9b79e6b4100f848d1878ed0b9,viper,dair,fullhop,after_step,15,8,clean,1,7.000,60.800,8.000,0,0
9cf312b0d76a11d9b79e6b4100f848d1878ed0b9,viper,dair,fullhop,after_step,16,9,clean,1,7.000,63.000,8.000,0,0
9cf312b0d76a11d9b79e6b4100f848d1878ed0b9,viper,dair,fullhop,after_step,17,10,clean,1,7.000,64.900,8.000,0,0
9cf312b0d76a11d9b79e6b4100f848d1878ed0b9,viper,dair,fullhop,after_step,18,11,,0,,,,0,0
9cf312b0d76a11d9b79e6b4100f848d1878ed0b9,viper,dair,fullhop,after_step,19,12,,0,,,,0,0
9cf312b0d76a11d9b79e6b4100f848d1878ed0b9,viper,dair,fullhop,after_step,20,13,,0,,,,0,0
9cf312b0d76a11d9b79e6b4100f848d1878ed0b9,viper,dair,fullhop,after_step,21,14,,0,,,,0,0
9cf312b0d76a11d9b79e6b4100f848d1878ed0b9,viper,dair,fullhop,after_step,22,15,,0,,,,0,0
9cf312b0d76a11d9b79e6b4100f848d1878ed0b9,viper,dair,fullhop,after_step,23,16,,0,,,,0,0
9cf312b0d76a11d9b79e6b4100f848d1878ed0b9,viper,dair,fullhop,after_step,24,17,,0,,,,0,0
9cf312b0d76a11d9b79e6b4100f848d1878ed0b9,viper,dair,fullhop,after_step,25,18,,0,,,,0,0
9cf312b0d76a11d9b79e6b4100f848d1878ed0b9,viper,dair,fullhop,after_step,26,19,,0,,,,0,0
9cf312b0d76a11d9b79e6b4100f848d1878ed0b9,viper,dair,fullhop,after_step,27,20,,0,,,,0,0
9cf312b0d76a11d9b79e6b4100f848d1878ed0b9,viper,dair,fullhop,after_step,28,21,,0,,,,0,0
9cf312b0d76a11d9b79e6b4100f848d1878ed0b9,viper,dair,fullhop,after_step,29,22,,0,,,,0,0
9cf312b0d76a11d9b79e6b4100f848d1878ed0b9,viper,dair,fullhop,after_step,30,23,,0,,,,0,0
9cf312b0d76a11d9b79e6b4100f848d1878ed0b9,viper,dair,fullhop,after_step,31,24,,0,,,,0,0
9cf312b0d76a11d9b79e6b4100f848d1878ed0b9,viper,dair,fullhop,after_step,32,25,,0,,,,0,0
9cf312b0d76a11d9b79e6b4100f848d1878ed0b9,viper,dair,fullhop,after_step,33,26,,0,,,,0,0
9cf312b0d76a11d9b79e6b4100f848d1878ed0b9,viper,dair,fullhop,after_step,34,27,,0,,,,0,0
9cf312b0d76a11d9b79e6b4100f848d1878ed0b9,viper,dair,fullhop,after_step,35,28,,0,,,,0,0
9cf312b0d76a11d9b79e6b4100f848d1878ed0b9,viper,dair,fullhop,after_step,36,29,,0,,,,0,0
9cf312b0d76a11d9b79e6b4100f848d1878ed0b9,viper,dair,fullhop,after_step,37,30,,0,,,,0,0
9cf312b0d76a11d9b79e6b4100f848d1878ed0b9,viper,dair,fullhop,after_step,38,31,,0,,,,0,0
9cf312b0d76a11d9b79e6b4100f848d1878ed0b9,viper,dair,fullhop,after_step,39,32,,0,,,,0,0
9cf312b0d76a11d9b79e6b4100f848d1878ed0b9,viper,dair,fullhop,after_step,40,33,,0,,,,0,0
9cf312b0d76a11d9b79e6b4100f848d1878ed0b9,viper,dair,fullhop,after_step,41,34,,0,,,,0,0
9cf312b0d76a11d9b79e6b4100f848d1878ed0b9,viper,dair,fullhop,after_step,42,35,,0,,,,0,0
9cf312b0d76a11d9b79e6b4100f848d1878ed0b9,viper,dair,fullhop,after_step,43,1,,0,,,,0,0
9cf312b0d76a11d9b79e6b4100f848d1878ed0b9,viper,special_n,ground,pre_step,0,8,,0,,,,0,0
9cf312b0d76a11d9b79e6b4100f848d1878ed0b9,viper,special_n,ground,after_step,0,1,,0,,,,0,0
9cf312b0d76a11d9b79e6b4100f848d1878ed0b9,viper,special_n,ground,after_step,0,1,projectile,1,21.000,13.500,4.000,0,0
9cf312b0d76a11d9b79e6b4100f848d1878ed0b9,viper,special_n,ground,after_step,1,2,,0,,,,0,0
9cf312b0d76a11d9b79e6b4100f848d1878ed0b9,viper,special_n,ground,after_step,1,2,projectile,1,28.000,13.500,4.000,0,0
9cf312b0d76a11d9b79e6b4100f848d1878ed0b9,viper,special_n,ground,after_step,2,3,,0,,,,0,0
9cf312b0d76a11d9b79e6b4100f848d1878ed0b9,viper,special_n,ground,after_step,2,3,projectile,1,35.000,13.500,4.000,0,0
9cf312b0d76a11d9b79e6b4100f848d1878ed0b9,viper,special_n,ground,after_step,3,4,,0,,,,0,0
9cf312b0d76a11d9b79e6b4100f848d1878ed0b9,viper,special_n,ground,after_step,3,4,projectile,1,42.000,13.500,4.000,0,0
9cf312b0d76a11d9b79e6b4100f848d1878ed0b9,viper,special_n,ground,after_step,4,5,,0,,,,0,0
9cf312b0d76a11d9b79e6b4100f848d1878ed0b9,viper,special_n,ground,after_step,4,5,projectile,1,49.000,13.500,4.000,0,0
9cf312b0d76a11d9b79e6b4100f848d1878ed0b9,viper,special_n,ground,after_step,5,6,,0,,,,0,0
9cf312b0d76a11d9b79e6b4100f848d1878ed0b9,viper,special_n,ground,after_step,5,6,projectile,1,56.000,13.500,4.000,0,0
9cf312b0d76a11d9b79e6b4100f848d1878ed0b9,viper,special_n,ground,after_step,6,7,,0,,,,0,0
9cf312b0d76a11d9b79e6b4100f848d1878ed0b9,viper,special_n,ground,after_step,6,7,projectile,1,63.000,13.500,4.000,0,0
9cf312b0d76a11d9b79e6b4100f848d1878ed0b9,viper,special_n,ground,after_step,7,8,clean,1,15.000,19.500,2.000,0,0
9cf312b0d76a11d9b79e6b4100f848d1878ed0b9,viper,special_n,ground,after_step,7,8,projectile,1,70.000,13.500,4.000,0,0
9cf312b0d76a11d9b79e6b4100f848d1878ed0b9,viper,special_n,ground,after_step,8,9,,0,,,,0,0
9cf312b0d76a11d9b79e6b4100f848d1878ed0b9,viper,special_n,ground,after_step,8,9,projectile,1,77.000,13.500,4.000,0,0
9cf312b0d76a11d9b79e6b4100f848d1878ed0b9,viper,special_n,ground,after_step,9,10,,0,,,,0,0
9cf312b0d76a11d9b79e6b4100f848d1878ed0b9,viper,special_n,ground,after_step,9,10,projectile,1,84.000,13.500,4.000,0,0
9cf312b0d76a11d9b79e6b4100f848d1878ed0b9,viper,special_n,ground,after_step,10,11,,0,,,,0,0
9cf312b0d76a11d9b79e6b4100f848d1878ed0b9,viper,special_n,ground,after_step,10,11,projectile,1,91.000,13.500,4.000,0,0
9cf312b0d76a11d9b79e6b4100f848d1878ed0b9,viper,special_n,ground,after_step,11,12,,0,,,,0,0
9cf312b0d76a11d9b79e6b4100f848d1878ed0b9,viper,special_n,ground,after_step,11,12,projectile,1,98.000,13.500,4.000,0,0
9cf312b0d76a11d9b79e6b4100f848d1878ed0b9,viper,special_n,ground,after_step,12,13,,0,,,,0,1
9cf312b0d76a11d9b79e6b4100f848d1878ed0b9,viper,special_n,ground,after_step,13,14,,0,,,,0,0
9cf312b0d76a11d9b79e6b4100f848d1878ed0b9,viper,special_n,ground,after_step,14,15,,0,,,,0,0
9cf312b0d76a11d9b79e6b4100f848d1878ed0b9,viper,special_n,ground,after_step,15,16,,0,,,,0,0
9cf312b0d76a11d9b79e6b4100f848d1878ed0b9,viper,special_n,ground,after_step,16,17,,0,,,,0,0
9cf312b0d76a11d9b79e6b4100f848d1878ed0b9,viper,special_n,ground,after_step,17,18,,0,,,,0,0
9cf312b0d76a11d9b79e6b4100f848d1878ed0b9,viper,special_n,ground,after_step,18,19,,0,,,,0,0
9cf312b0d76a11d9b79e6b4100f848d1878ed0b9,viper,special_n,ground,after_step,19,20,,0,,,,0,0
9cf312b0d76a11d9b79e6b4100f848d1878ed0b9,viper,special_n,ground,after_step,20,21,,0,,,,0,0
9cf312b0d76a11d9b79e6b4100f848d1878ed0b9,viper,special_n,ground,after_step,21,22,,0,,,,0,0
9cf312b0d76a11d9b79e6b4100f848d1878ed0b9,viper,special_n,ground,after_step,22,23,,0,,,,0,0
9cf312b0d76a11d9b79e6b4100f848d1878ed0b9,viper,special_n,ground,after_step,23,24,,0,,,,0,0
9cf312b0d76a11d9b79e6b4100f848d1878ed0b9,viper,special_n,ground,after_step,24,25,,0,,,,0,0
9cf312b0d76a11d9b79e6b4100f848d1878ed0b9,viper,special_n,ground,after_step,25,26,,0,,,,0,0
9cf312b0d76a11d9b79e6b4100f848d1878ed0b9,viper,special_n,ground,after_step,26,27,,0,,,,0,0
9cf312b0d76a11d9b79e6b4100f848d1878ed0b9,viper,special_n,ground,after_step,27,1,,0,,,,0,0
9cf312b0d76a11d9b79e6b4100f848d1878ed0b9,viper,special_up,ground,pre_step,0,8,,0,,,,0,0
9cf312b0d76a11d9b79e6b4100f848d1878ed0b9,viper,special_up,ground,after_step,0,1,,0,,,,0,0
9cf312b0d76a11d9b79e6b4100f848d1878ed0b9,viper,special_up,ground,after_step,1,2,,0,,,,0,0
9cf312b0d76a11d9b79e6b4100f848d1878ed0b9,viper,special_up,ground,after_step,2,3,,0,,,,0,0
9cf312b0d76a11d9b79e6b4100f848d1878ed0b9,viper,special_up,ground,after_step,3,4,,0,,,,0,0
9cf312b0d76a11d9b79e6b4100f848d1878ed0b9,viper,special_up,ground,after_step,4,5,clean,1,7.400,60.525,11.000,0,0
9cf312b0d76a11d9b79e6b4100f848d1878ed0b9,viper,special_up,ground,after_step,5,6,clean,1,7.960,66.430,11.000,0,0
9cf312b0d76a11d9b79e6b4100f848d1878ed0b9,viper,special_up,ground,after_step,6,7,clean,1,8.480,72.035,11.000,0,0
9cf312b0d76a11d9b79e6b4100f848d1878ed0b9,viper,special_up,ground,after_step,7,8,clean,1,8.960,77.340,11.000,0,0
9cf312b0d76a11d9b79e6b4100f848d1878ed0b9,viper,special_up,ground,after_step,8,9,clean,1,9.400,82.345,11.000,0,0
9cf312b0d76a11d9b79e6b4100f848d1878ed0b9,viper,special_up,ground,after_step,9,10,clean,1,9.800,87.050,11.000,0,0
9cf312b0d76a11d9b79e6b4100f848d1878ed0b9,viper,special_up,ground,after_step,10,11,clean,1,10.160,91.455,11.000,0,0
9cf312b0d76a11d9b79e6b4100f848d1878ed0b9,viper,special_up,ground,after_step,11,12,,0,,,,0,0
9cf312b0d76a11d9b79e6b4100f848d1878ed0b9,viper,special_up,ground,after_step,12,13,,0,,,,0,0
9cf312b0d76a11d9b79e6b4100f848d1878ed0b9,viper,special_up,ground,after_step,13,14,,0,,,,0,0
9cf312b0d76a11d9b79e6b4100f848d1878ed0b9,viper,special_up,ground,after_step,14,15,,0,,,,0,0
9cf312b0d76a11d9b79e6b4100f848d1878ed0b9,viper,special_up,ground,after_step,15,16,,0,,,,0,0
9cf312b0d76a11d9b79e6b4100f848d1878ed0b9,viper,special_up,ground,after_step,16,17,,0,,,,0,0
9cf312b0d76a11d9b79e6b4100f848d1878ed0b9,viper,special_up,ground,after_step,17,18,,0,,,,0,0
9cf312b0d76a11d9b79e6b4100f848d1878ed0b9,viper,special_up,ground,after_step,18,19,,0,,,,0,0
9cf312b0d76a11d9b79e6b4100f848d1878ed0b9,viper,special_up,ground,after_step,19,20,,0,,,,0,0
9cf312b0d76a11d9b79e6b4100f848d1878ed0b9,viper,special_up,ground,after_step,20,21,,0,,,,0,0
9cf312b0d76a11d9b79e6b4100f848d1878ed0b9,viper,special_up,ground,after_step,21,22,,0,,,,0,0
9cf312b0d76a11d9b79e6b4100f848d1878ed0b9,viper,special_up,ground,after_step,22,23,,0,,,,0,0
9cf312b0d76a11d9b79e6b4100f848d1878ed0b9,viper,special_up,ground,after_step,23,24,,0,,,,0,0
9cf312b0d76a11d9b79e6b4100f848d1878ed0b9,viper,special_up,ground,after_step,24,25,,0,,,,0,0
9cf312b0d76a11d9b79e6b4100f848d1878ed0b9,viper,special_up,ground,after_step,25,26,,0,,,,0,0
9cf312b0d76a11d9b79e6b4100f848d1878ed0b9,viper,special_up,ground,after_step,26,27,,0,,,,0,0
9cf312b0d76a11d9b79e6b4100f848d1878ed0b9,viper,special_up,ground,after_step,27,28,,0,,,,0,0
9cf312b0d76a11d9b79e6b4100f848d1878ed0b9,viper,special_up,ground,after_step,28,29,,0,,,,0,0
9cf312b0d76a11d9b79e6b4100f848d1878ed0b9,viper,special_up,ground,after_step,29,30,,0,,,,0,0
9cf312b0d76a11d9b79e6b4100f848d1878ed0b9,viper,special_up,ground,after_step,30,31,,0,,,,0,0
9cf312b0d76a11d9b79e6b4100f848d1878ed0b9,viper,special_up,ground,after_step,31,32,,0,,,,0,0
9cf312b0d76a11d9b79e6b4100f848d1878ed0b9,viper,special_up,ground,after_step,32,33,,0,,,,0,0
9cf312b0d76a11d9b79e6b4100f848d1878ed0b9,viper,special_up,ground,after_step,33,34,,0,,,,0,0
9cf312b0d76a11d9b79e6b4100f848d1878ed0b9,viper,special_up,ground,after_step,34,1,,0,,,,0,0
9cf312b0d76a11d9b79e6b4100f848d1878ed0b9,viper,special_side,ground,pre_step,0,8,,0,,,,0,0
9cf312b0d76a11d9b79e6b4100f848d1878ed0b9,viper,special_side,ground,after_step,0,1,,0,,,,0,0
9cf312b0d76a11d9b79e6b4100f848d1878ed0b9,viper,special_side,ground,after_step,1,2,,0,,,,0,0
9cf312b0d76a11d9b79e6b4100f848d1878ed0b9,viper,special_side,ground,after_step,2,3,,0,,,,0,0
9cf312b0d76a11d9b79e6b4100f848d1878ed0b9,viper,special_side,ground,after_step,3,4,,0,,,,0,0
9cf312b0d76a11d9b79e6b4100f848d1878ed0b9,viper,special_side,ground,after_step,4,5,,0,,,,0,0
9cf312b0d76a11d9b79e6b4100f848d1878ed0b9,viper,special_side,ground,after_step,5,6,,0,,,,0,0
9cf312b0d76a11d9b79e6b4100f848d1878ed0b9,viper,special_side,ground,after_step,6,7,,0,,,,0,0
9cf312b0d76a11d9b79e6b4100f848d1878ed0b9,viper,special_side,ground,after_step,7,8,clean,1,54.200,17.500,9.000,0,0
9cf312b0d76a11d9b79e6b4100f848d1878ed0b9,viper,special_side,ground,after_step,8,9,clean,1,58.040,17.500,9.000,0,0
9cf312b0d76a11d9b79e6b4100f848d1878ed0b9,viper,special_side,ground,after_step,9,10,clean,1,61.700,17.500,9.000,0,0
9cf312b0d76a11d9b79e6b4100f848d1878ed0b9,viper,special_side,ground,after_step,10,11,clean,1,65.180,17.500,9.000,0,0
9cf312b0d76a11d9b79e6b4100f848d1878ed0b9,viper,special_side,ground,after_step,11,12,clean,1,68.480,17.500,9.000,0,0
9cf312b0d76a11d9b79e6b4100f848d1878ed0b9,viper,special_side,ground,after_step,12,13,clean,1,71.600,17.500,9.000,0,0
9cf312b0d76a11d9b79e6b4100f848d1878ed0b9,viper,special_side,ground,after_step,13,14,,0,,,,0,0
9cf312b0d76a11d9b79e6b4100f848d1878ed0b9,viper,special_side,ground,after_step,14,15,,0,,,,0,0
9cf312b0d76a11d9b79e6b4100f848d1878ed0b9,viper,special_side,ground,after_step,15,16,,0,,,,0,0
9cf312b0d76a11d9b79e6b4100f848d1878ed0b9,viper,special_side,ground,after_step,16,17,,0,,,,0,0
9cf312b0d76a11d9b79e6b4100f848d1878ed0b9,viper,special_side,ground,after_step,17,18,,0,,,,0,0
9cf312b0d76a11d9b79e6b4100f848d1878ed0b9,viper,special_side,ground,after_step,18,19,,0,,,,0,0
9cf312b0d76a11d9b79e6b4100f848d1878ed0b9,viper,special_side,ground,after_step,19,20,,0,,,,0,0
9cf312b0d76a11d9b79e6b4100f848d1878ed0b9,viper,special_side,ground,after_step,20,21,,0,,,,0,0
9cf312b0d76a11d9b79e6b4100f848d1878ed0b9,viper,special_side,ground,after_step,21,22,,0,,,,0,0
9cf312b0d76a11d9b79e6b4100f848d1878ed0b9,viper,special_side,ground,after_step,22,23,,0,,,,0,0
9cf312b0d76a11d9b79e6b4100f848d1878ed0b9,viper,special_side,ground,after_step,23,24,,0,,,,0,0
9cf312b0d76a11d9b79e6b4100f848d1878ed0b9,viper,special_side,ground,after_step,24,25,,0,,,,0,0
9cf312b0d76a11d9b79e6b4100f848d1878ed0b9,viper,special_side,ground,after_step,25,26,,0,,,,0,0
9cf312b0d76a11d9b79e6b4100f848d1878ed0b9,viper,special_side,ground,after_step,26,27,,0,,,,0,0
9cf312b0d76a11d9b79e6b4100f848d1878ed0b9,viper,special_side,ground,after_step,27,28,,0,,,,0,0
9cf312b0d76a11d9b79e6b4100f848d1878ed0b9,viper,special_side,ground,after_step,28,29,,0,,,,0,0
9cf312b0d76a11d9b79e6b4100f848d1878ed0b9,viper,special_side,ground,after_step,29,30,,0,,,,0,0
9cf312b0d76a11d9b79e6b4100f848d1878ed0b9,viper,special_side,ground,after_step,30,31,,0,,,,0,0
9cf312b0d76a11d9b79e6b4100f848d1878ed0b9,viper,special_side,ground,after_step,31,32,,0,,,,0,0
9cf312b0d76a11d9b79e6b4100f848d1878ed0b9,viper,special_side,ground,after_step,32,33,,0,,,,0,0
9cf312b0d76a11d9b79e6b4100f848d1878ed0b9,viper,special_side,ground,after_step,33,34,,0,,,,0,0
9cf312b0d76a11d9b79e6b4100f848d1878ed0b9,viper,special_side,ground,after_step,34,1,,0,,,,0,0
9cf312b0d76a11d9b79e6b4100f848d1878ed0b9,viper,special_down,ground,pre_step,0,8,,0,,,,0,0
9cf312b0d76a11d9b79e6b4100f848d1878ed0b9,viper,special_down,ground,after_step,0,1,clean,1,0.000,13.500,20.000,0,0
9cf312b0d76a11d9b79e6b4100f848d1878ed0b9,viper,special_down,ground,after_step,1,2,clean,1,0.000,13.500,20.000,0,0
9cf312b0d76a11d9b79e6b4100f848d1878ed0b9,viper,special_down,ground,after_step,2,3,,0,,,,0,0
9cf312b0d76a11d9b79e6b4100f848d1878ed0b9,viper,special_down,ground,after_step,3,4,,0,,,,0,0
9cf312b0d76a11d9b79e6b4100f848d1878ed0b9,viper,special_down,ground,after_step,4,5,,0,,,,0,0
9cf312b0d76a11d9b79e6b4100f848d1878ed0b9,viper,special_down,ground,after_step,5,6,,0,,,,0,0
9cf312b0d76a11d9b79e6b4100f848d1878ed0b9,viper,special_down,ground,after_step,6,7,,0,,,,0,0
9cf312b0d76a11d9b79e6b4100f848d1878ed0b9,viper,special_down,ground,after_step,7,8,,0,,,,0,0
9cf312b0d76a11d9b79e6b4100f848d1878ed0b9,viper,special_down,ground,after_step,8,9,,0,,,,0,0
9cf312b0d76a11d9b79e6b4100f848d1878ed0b9,viper,special_down,ground,after_step,9,10,,0,,,,0,0
9cf312b0d76a11d9b79e6b4100f848d1878ed0b9,viper,special_down,ground,after_step,10,11,,0,,,,0,0
9cf312b0d76a11d9b79e6b4100f848d1878ed0b9,viper,special_down,ground,after_step,11,12,,0,,,,0,0
9cf312b0d76a11d9b79e6b4100f848d1878ed0b9,viper,special_down,ground,after_step,12,13,,0,,,,0,0
9cf312b0d76a11d9b79e6b4100f848d1878ed0b9,viper,special_down,ground,after_step,13,14,,0,,,,0,0
9cf312b0d76a11d9b79e6b4100f848d1878ed0b9,viper,special_down,ground,after_step,14,15,,0,,,,0,0
9cf312b0d76a11d9b79e6b4100f848d1878ed0b9,viper,special_down,ground,after_step,15,16,,0,,,,0,0
9cf312b0d76a11d9b79e6b4100f848d1878ed0b9,viper,special_down,ground,after_step,16,17,,0,,,,0,0
9cf312b0d76a11d9b79e6b4100f848d1878ed0b9,viper,special_down,ground,after_step,17,18,,0,,,,0,0
9cf312b0d76a11d9b79e6b4100f848d1878ed0b9,viper,special_down,ground,after_step,18,19,,0,,,,0,0
9cf312b0d76a11d9b79e6b4100f848d1878ed0b9,viper,special_down,ground,after_step,19,20,,0,,,,0,0
9cf312b0d76a11d9b79e6b4100f848d1878ed0b9,viper,special_down,ground,after_step,20,21,,0,,,,0,0
9cf312b0d76a11d9b79e6b4100f848d1878ed0b9,viper,special_down,ground,after_step,21,22,,0,,,,0,0
9cf312b0d76a11d9b79e6b4100f848d1878ed0b9,viper,special_down,ground,after_step,22,23,,0,,,,0,0
9cf312b0d76a11d9b79e6b4100f848d1878ed0b9,viper,special_down,ground,after_step,23,24,,0,,,,0,0
9cf312b0d76a11d9b79e6b4100f848d1878ed0b9,viper,special_down,ground,after_step,24,25,,0,,,,0,0
9cf312b0d76a11d9b79e6b4100f848d1878ed0b9,viper,special_down,ground,after_step,25,26,,0,,,,0,0
9cf312b0d76a11d9b79e6b4100f848d1878ed0b9,viper,special_down,ground,after_step,26,27,,0,,,,0,0
9cf312b0d76a11d9b79e6b4100f848d1878ed0b9,viper,special_down,ground,after_step,27,1,,0,,,,0,0
9cf312b0d76a11d9b79e6b4100f848d1878ed0b9,viper,throw_f,from_grab,after_step,11,5,,0,,,,0,0
9cf312b0d76a11d9b79e6b4100f848d1878ed0b9,viper,throw_f,from_grab,after_step,12,1,,0,,,,0,0
9cf312b0d76a11d9b79e6b4100f848d1878ed0b9,viper,throw_f,from_grab,after_step,13,2,,0,,,,0,0
9cf312b0d76a11d9b79e6b4100f848d1878ed0b9,viper,throw_f,from_grab,after_step,14,3,,0,,,,0,0
9cf312b0d76a11d9b79e6b4100f848d1878ed0b9,viper,throw_f,from_grab,after_step,15,4,,0,,,,0,0
9cf312b0d76a11d9b79e6b4100f848d1878ed0b9,viper,throw_f,from_grab,after_step,16,5,,0,,,,0,0
9cf312b0d76a11d9b79e6b4100f848d1878ed0b9,viper,throw_f,from_grab,after_step,17,6,,0,,,,0,0
9cf312b0d76a11d9b79e6b4100f848d1878ed0b9,viper,throw_f,from_grab,after_step,18,7,,0,,,,5,1
9cf312b0d76a11d9b79e6b4100f848d1878ed0b9,viper,throw_f,from_grab,after_step,19,7,,0,,,,4,0
9cf312b0d76a11d9b79e6b4100f848d1878ed0b9,viper,throw_f,from_grab,after_step,20,7,,0,,,,3,0
9cf312b0d76a11d9b79e6b4100f848d1878ed0b9,viper,throw_f,from_grab,after_step,21,7,,0,,,,2,0
9cf312b0d76a11d9b79e6b4100f848d1878ed0b9,viper,throw_f,from_grab,after_step,22,7,,0,,,,1,0
9cf312b0d76a11d9b79e6b4100f848d1878ed0b9,viper,throw_f,from_grab,after_step,23,7,,0,,,,0,0
9cf312b0d76a11d9b79e6b4100f848d1878ed0b9,viper,throw_f,from_grab,after_step,24,8,,0,,,,0,0
9cf312b0d76a11d9b79e6b4100f848d1878ed0b9,viper,throw_f,from_grab,after_step,25,9,,0,,,,0,0
9cf312b0d76a11d9b79e6b4100f848d1878ed0b9,viper,throw_f,from_grab,after_step,26,10,,0,,,,0,0
9cf312b0d76a11d9b79e6b4100f848d1878ed0b9,viper,throw_f,from_grab,after_step,27,11,,0,,,,0,0
9cf312b0d76a11d9b79e6b4100f848d1878ed0b9,viper,throw_f,from_grab,after_step,28,12,,0,,,,0,0
9cf312b0d76a11d9b79e6b4100f848d1878ed0b9,viper,throw_f,from_grab,after_step,29,13,,0,,,,0,0
9cf312b0d76a11d9b79e6b4100f848d1878ed0b9,viper,throw_f,from_grab,after_step,30,14,,0,,,,0,0
9cf312b0d76a11d9b79e6b4100f848d1878ed0b9,viper,throw_f,from_grab,after_step,31,15,,0,,,,0,0
9cf312b0d76a11d9b79e6b4100f848d1878ed0b9,viper,throw_f,from_grab,after_step,32,16,,0,,,,0,0
9cf312b0d76a11d9b79e6b4100f848d1878ed0b9,viper,throw_f,from_grab,after_step,33,17,,0,,,,0,0
9cf312b0d76a11d9b79e6b4100f848d1878ed0b9,viper,throw_f,from_grab,after_step,34,18,,0,,,,0,0
9cf312b0d76a11d9b79e6b4100f848d1878ed0b9,viper,throw_f,from_grab,after_step,35,19,,0,,,,0,0
9cf312b0d76a11d9b79e6b4100f848d1878ed0b9,viper,throw_f,from_grab,after_step,36,20,,0,,,,0,0
9cf312b0d76a11d9b79e6b4100f848d1878ed0b9,viper,throw_f,from_grab,after_step,37,21,,0,,,,0,0
9cf312b0d76a11d9b79e6b4100f848d1878ed0b9,viper,throw_f,from_grab,after_step,38,22,,0,,,,0,0
9cf312b0d76a11d9b79e6b4100f848d1878ed0b9,viper,throw_f,from_grab,after_step,39,23,,0,,,,0,0
9cf312b0d76a11d9b79e6b4100f848d1878ed0b9,viper,throw_f,from_grab,after_step,40,24,,0,,,,0,0
9cf312b0d76a11d9b79e6b4100f848d1878ed0b9,viper,throw_f,from_grab,after_step,41,25,,0,,,,0,0
9cf312b0d76a11d9b79e6b4100f848d1878ed0b9,viper,throw_f,from_grab,after_step,42,26,,0,,,,0,0
9cf312b0d76a11d9b79e6b4100f848d1878ed0b9,viper,throw_f,from_grab,after_step,43,1,,0,,,,0,0
9cf312b0d76a11d9b79e6b4100f848d1878ed0b9,viper,throw_b,from_grab,after_step,11,5,,0,,,,0,0
9cf312b0d76a11d9b79e6b4100f848d1878ed0b9,viper,throw_b,from_grab,after_step,12,1,,0,,,,0,0
9cf312b0d76a11d9b79e6b4100f848d1878ed0b9,viper,throw_b,from_grab,after_step,13,2,,0,,,,0,0
9cf312b0d76a11d9b79e6b4100f848d1878ed0b9,viper,throw_b,from_grab,after_step,14,3,,0,,,,0,0
9cf312b0d76a11d9b79e6b4100f848d1878ed0b9,viper,throw_b,from_grab,after_step,15,4,,0,,,,0,0
9cf312b0d76a11d9b79e6b4100f848d1878ed0b9,viper,throw_b,from_grab,after_step,16,5,,0,,,,0,0
9cf312b0d76a11d9b79e6b4100f848d1878ed0b9,viper,throw_b,from_grab,after_step,17,6,,0,,,,0,0
9cf312b0d76a11d9b79e6b4100f848d1878ed0b9,viper,throw_b,from_grab,after_step,18,7,,0,,,,0,0
9cf312b0d76a11d9b79e6b4100f848d1878ed0b9,viper,throw_b,from_grab,after_step,19,8,,0,,,,0,0
9cf312b0d76a11d9b79e6b4100f848d1878ed0b9,viper,throw_b,from_grab,after_step,20,9,,0,,,,5,1
9cf312b0d76a11d9b79e6b4100f848d1878ed0b9,viper,throw_b,from_grab,after_step,21,9,,0,,,,4,0
9cf312b0d76a11d9b79e6b4100f848d1878ed0b9,viper,throw_b,from_grab,after_step,22,9,,0,,,,3,0
9cf312b0d76a11d9b79e6b4100f848d1878ed0b9,viper,throw_b,from_grab,after_step,23,9,,0,,,,2,0
9cf312b0d76a11d9b79e6b4100f848d1878ed0b9,viper,throw_b,from_grab,after_step,24,9,,0,,,,1,0
9cf312b0d76a11d9b79e6b4100f848d1878ed0b9,viper,throw_b,from_grab,after_step,25,9,,0,,,,0,0
9cf312b0d76a11d9b79e6b4100f848d1878ed0b9,viper,throw_b,from_grab,after_step,26,10,,0,,,,0,0
9cf312b0d76a11d9b79e6b4100f848d1878ed0b9,viper,throw_b,from_grab,after_step,27,11,,0,,,,0,0
9cf312b0d76a11d9b79e6b4100f848d1878ed0b9,viper,throw_b,from_grab,after_step,28,12,,0,,,,0,0
9cf312b0d76a11d9b79e6b4100f848d1878ed0b9,viper,throw_b,from_grab,after_step,29,13,,0,,,,0,0
9cf312b0d76a11d9b79e6b4100f848d1878ed0b9,viper,throw_b,from_grab,after_step,30,14,,0,,,,0,0
9cf312b0d76a11d9b79e6b4100f848d1878ed0b9,viper,throw_b,from_grab,after_step,31,15,,0,,,,0,0
9cf312b0d76a11d9b79e6b4100f848d1878ed0b9,viper,throw_b,from_grab,after_step,32,16,,0,,,,0,0
9cf312b0d76a11d9b79e6b4100f848d1878ed0b9,viper,throw_b,from_grab,after_step,33,17,,0,,,,0,0
9cf312b0d76a11d9b79e6b4100f848d1878ed0b9,viper,throw_b,from_grab,after_step,34,18,,0,,,,0,0
9cf312b0d76a11d9b79e6b4100f848d1878ed0b9,viper,throw_b,from_grab,after_step,35,19,,0,,,,0,0
9cf312b0d76a11d9b79e6b4100f848d1878ed0b9,viper,throw_b,from_grab,after_step,36,20,,0,,,,0,0
9cf312b0d76a11d9b79e6b4100f848d1878ed0b9,viper,throw_b,from_grab,after_step,37,21,,0,,,,0,0
9cf312b0d76a11d9b79e6b4100f848d1878ed0b9,viper,throw_b,from_grab,after_step,38,22,,0,,,,0,0
9cf312b0d76a11d9b79e6b4100f848d1878ed0b9,viper,throw_b,from_grab,after_step,39,23,,0,,,,0,0
9cf312b0d76a11d9b79e6b4100f848d1878ed0b9,viper,throw_b,from_grab,after_step,40,24,,0,,,,0,0
9cf312b0d76a11d9b79e6b4100f848d1878ed0b9,viper,throw_b,from_grab,after_step,41,25,,0,,,,0,0
9cf312b0d76a11d9b79e6b4100f848d1878ed0b9,viper,throw_b,from_grab,after_step,42,26,,0,,,,0,0
9cf312b0d76a11d9b79e6b4100f848d1878ed0b9,viper,throw_b,from_grab,after_step,43,27,,0,,,,0,0
9cf312b0d76a11d9b79e6b4100f848d1878ed0b9,viper,throw_b,from_grab,after_step,44,28,,0,,,,0,0
9cf312b0d76a11d9b79e6b4100f848d1878ed0b9,viper,throw_b,from_grab,after_step,45,29,,0,,,,0,0
9cf312b0d76a11d9b79e6b4100f848d1878ed0b9,viper,throw_b,from_grab,after_step,46,30,,0,,,,0,0
9cf312b0d76a11d9b79e6b4100f848d1878ed0b9,viper,throw_b,from_grab,after_step,47,1,,0,,,,0,0
9cf312b0d76a11d9b79e6b4100f848d1878ed0b9,viper,throw_u,from_grab,after_step,11,5,,0,,,,0,0
9cf312b0d76a11d9b79e6b4100f848d1878ed0b9,viper,throw_u,from_grab,after_step,12,1,,0,,,,0,0
9cf312b0d76a11d9b79e6b4100f848d1878ed0b9,viper,throw_u,from_grab,after_step,13,2,,0,,,,0,0
9cf312b0d76a11d9b79e6b4100f848d1878ed0b9,viper,throw_u,from_grab,after_step,14,3,,0,,,,0,0
9cf312b0d76a11d9b79e6b4100f848d1878ed0b9,viper,throw_u,from_grab,after_step,15,4,,0,,,,0,0
9cf312b0d76a11d9b79e6b4100f848d1878ed0b9,viper,throw_u,from_grab,after_step,16,5,,0,,,,0,0
9cf312b0d76a11d9b79e6b4100f848d1878ed0b9,viper,throw_u,from_grab,after_step,17,6,,0,,,,0,0
9cf312b0d76a11d9b79e6b4100f848d1878ed0b9,viper,throw_u,from_grab,after_step,18,7,,0,,,,5,1
9cf312b0d76a11d9b79e6b4100f848d1878ed0b9,viper,throw_u,from_grab,after_step,19,7,,0,,,,4,0
9cf312b0d76a11d9b79e6b4100f848d1878ed0b9,viper,throw_u,from_grab,after_step,20,7,,0,,,,3,0
9cf312b0d76a11d9b79e6b4100f848d1878ed0b9,viper,throw_u,from_grab,after_step,21,7,,0,,,,2,0
9cf312b0d76a11d9b79e6b4100f848d1878ed0b9,viper,throw_u,from_grab,after_step,22,7,,0,,,,1,0
9cf312b0d76a11d9b79e6b4100f848d1878ed0b9,viper,throw_u,from_grab,after_step,23,7,,0,,,,0,0
9cf312b0d76a11d9b79e6b4100f848d1878ed0b9,viper,throw_u,from_grab,after_step,24,8,,0,,,,0,0
9cf312b0d76a11d9b79e6b4100f848d1878ed0b9,viper,throw_u,from_grab,after_step,25,9,,0,,,,0,0
9cf312b0d76a11d9b79e6b4100f848d1878ed0b9,viper,throw_u,from_grab,after_step,26,10,,0,,,,0,0
9cf312b0d76a11d9b79e6b4100f848d1878ed0b9,viper,throw_u,from_grab,after_step,27,11,,0,,,,0,0
9cf312b0d76a11d9b79e6b4100f848d1878ed0b9,viper,throw_u,from_grab,after_step,28,12,,0,,,,0,0
9cf312b0d76a11d9b79e6b4100f848d1878ed0b9,viper,throw_u,from_grab,after_step,29,13,,0,,,,0,0
9cf312b0d76a11d9b79e6b4100f848d1878ed0b9,viper,throw_u,from_grab,after_step,30,14,,0,,,,0,0
9cf312b0d76a11d9b79e6b4100f848d1878ed0b9,viper,throw_u,from_grab,after_step,31,15,,0,,,,0,0
9cf312b0d76a11d9b79e6b4100f848d1878ed0b9,viper,throw_u,from_grab,after_step,32,16,,0,,,,0,0
9cf312b0d76a11d9b79e6b4100f848d1878ed0b9,viper,throw_u,from_grab,after_step,33,17,,0,,,,0,0
9cf312b0d76a11d9b79e6b4100f848d1878ed0b9,viper,throw_u,from_grab,after_step,34,18,,0,,,,0,0
9cf312b0d76a11d9b79e6b4100f848d1878ed0b9,viper,throw_u,from_grab,after_step,35,19,,0,,,,0,0
9cf312b0d76a11d9b79e6b4100f848d1878ed0b9,viper,throw_u,from_grab,after_step,36,20,,0,,,,0,0
9cf312b0d76a11d9b79e6b4100f848d1878ed0b9,viper,throw_u,from_grab,after_step,37,21,,0,,,,0,0
9cf312b0d76a11d9b79e6b4100f848d1878ed0b9,viper,throw_u,from_grab,after_step,38,22,,0,,,,0,0
9cf312b0d76a11d9b79e6b4100f848d1878ed0b9,viper,throw_u,from_grab,after_step,39,23,,0,,,,0,0
9cf312b0d76a11d9b79e6b4100f848d1878ed0b9,viper,throw_u,from_grab,after_step,40,24,,0,,,,0,0
9cf312b0d76a11d9b79e6b4100f848d1878ed0b9,viper,throw_u,from_grab,after_step,41,25,,0,,,,0,0
9cf312b0d76a11d9b79e6b4100f848d1878ed0b9,viper,throw_u,from_grab,after_step,42,26,,0,,,,0,0
9cf312b0d76a11d9b79e6b4100f848d1878ed0b9,viper,throw_u,from_grab,after_step,43,1,,0,,,,0,0
9cf312b0d76a11d9b79e6b4100f848d1878ed0b9,viper,throw_d,from_grab,after_step,11,5,,0,,,,0,0
9cf312b0d76a11d9b79e6b4100f848d1878ed0b9,viper,throw_d,from_grab,after_step,12,1,,0,,,,0,0
9cf312b0d76a11d9b79e6b4100f848d1878ed0b9,viper,throw_d,from_grab,after_step,13,2,,0,,,,0,0
9cf312b0d76a11d9b79e6b4100f848d1878ed0b9,viper,throw_d,from_grab,after_step,14,3,,0,,,,0,0
9cf312b0d76a11d9b79e6b4100f848d1878ed0b9,viper,throw_d,from_grab,after_step,15,4,,0,,,,0,0
9cf312b0d76a11d9b79e6b4100f848d1878ed0b9,viper,throw_d,from_grab,after_step,16,5,,0,,,,0,0
9cf312b0d76a11d9b79e6b4100f848d1878ed0b9,viper,throw_d,from_grab,after_step,17,6,,0,,,,0,0
9cf312b0d76a11d9b79e6b4100f848d1878ed0b9,viper,throw_d,from_grab,after_step,18,7,,0,,,,0,0
9cf312b0d76a11d9b79e6b4100f848d1878ed0b9,viper,throw_d,from_grab,after_step,19,8,,0,,,,4,1
9cf312b0d76a11d9b79e6b4100f848d1878ed0b9,viper,throw_d,from_grab,after_step,20,8,,0,,,,3,0
9cf312b0d76a11d9b79e6b4100f848d1878ed0b9,viper,throw_d,from_grab,after_step,21,8,,0,,,,2,0
9cf312b0d76a11d9b79e6b4100f848d1878ed0b9,viper,throw_d,from_grab,after_step,22,8,,0,,,,1,0
9cf312b0d76a11d9b79e6b4100f848d1878ed0b9,viper,throw_d,from_grab,after_step,23,8,,0,,,,0,0
9cf312b0d76a11d9b79e6b4100f848d1878ed0b9,viper,throw_d,from_grab,after_step,24,9,,0,,,,0,0
9cf312b0d76a11d9b79e6b4100f848d1878ed0b9,viper,throw_d,from_grab,after_step,25,10,,0,,,,0,0
9cf312b0d76a11d9b79e6b4100f848d1878ed0b9,viper,throw_d,from_grab,after_step,26,11,,0,,,,0,0
9cf312b0d76a11d9b79e6b4100f848d1878ed0b9,viper,throw_d,from_grab,after_step,27,12,,0,,,,0,0
9cf312b0d76a11d9b79e6b4100f848d1878ed0b9,viper,throw_d,from_grab,after_step,28,13,,0,,,,0,0
9cf312b0d76a11d9b79e6b4100f848d1878ed0b9,viper,throw_d,from_grab,after_step,29,14,,0,,,,0,0
9cf312b0d76a11d9b79e6b4100f848d1878ed0b9,viper,throw_d,from_grab,after_step,30,15,,0,,,,0,0
9cf312b0d76a11d9b79e6b4100f848d1878ed0b9,viper,throw_d,from_grab,after_step,31,16,,0,,,,0,0
9cf312b0d76a11d9b79e6b4100f848d1878ed0b9,viper,throw_d,from_grab,after_step,32,17,,0,,,,0,0
9cf312b0d76a11d9b79e6b4100f848d1878ed0b9,viper,throw_d,from_grab,after_step,33,18,,0,,,,0,0
9cf312b0d76a11d9b79e6b4100f848d1878ed0b9,viper,throw_d,from_grab,after_step,34,19,,0,,,,0,0
9cf312b0d76a11d9b79e6b4100f848d1878ed0b9,viper,throw_d,from_grab,after_step,35,20,,0,,,,0,0
9cf312b0d76a11d9b79e6b4100f848d1878ed0b9,viper,throw_d,from_grab,after_step,36,21,,0,,,,0,0
9cf312b0d76a11d9b79e6b4100f848d1878ed0b9,viper,throw_d,from_grab,after_step,37,22,,0,,,,0,0
9cf312b0d76a11d9b79e6b4100f848d1878ed0b9,viper,throw_d,from_grab,after_step,38,23,,0,,,,0,0
9cf312b0d76a11d9b79e6b4100f848d1878ed0b9,viper,throw_d,from_grab,after_step,39,24,,0,,,,0,0
9cf312b0d76a11d9b79e6b4100f848d1878ed0b9,viper,throw_d,from_grab,after_step,40,25,,0,,,,0,0
9cf312b0d76a11d9b79e6b4100f848d1878ed0b9,viper,throw_d,from_grab,after_step,41,26,,0,,,,0,0
9cf312b0d76a11d9b79e6b4100f848d1878ed0b9,viper,throw_d,from_grab,after_step,42,27,,0,,,,0,0
9cf312b0d76a11d9b79e6b4100f848d1878ed0b9,viper,throw_d,from_grab,after_step,43,28,,0,,,,0,0
9cf312b0d76a11d9b79e6b4100f848d1878ed0b9,viper,throw_d,from_grab,after_step,44,29,,0,,,,0,0
9cf312b0d76a11d9b79e6b4100f848d1878ed0b9,viper,throw_d,from_grab,after_step,45,1,,0,,,,0,0
